﻿<?xml version="1.0" encoding="UTF-8"?>
<USERDATA>
  <Data TimeStamp="0">
    <UserGenere>feminino</UserGenere>
    <UserAge>18 A 36</UserAge>
    <UserExperience>NENHUMA</UserExperience>
    <UserSymptoms>NENHUM</UserSymptoms>
    <UserFlicker>NENHUM</UserFlicker>
    <UserGlassesUse>NÃO</UserGlassesUse>
    <UserVisionProblems>NENHUM</UserVisionProblems>
    <UserPosture>SENTADO</UserPosture>
    <UserEyeDominance>ESQUERDO</UserEyeDominance>
    <StaticFrame>True</StaticFrame>
    <HapticFeedback>False</HapticFeedback>
    <DegreeOfControl>TOTAL</DegreeOfControl>
    <DofSimulation>False</DofSimulation>
    <Locomotion>False</Locomotion>
    <CameraAutoMovement>False</CameraAutoMovement>
    <RegionOfInterest>foreground</RegionOfInterest>
    <TimeStamp>0</TimeStamp>
    <CameraFieldOfView>96,01604</CameraFieldOfView>
    <PlayerSpeed>0</PlayerSpeed>
    <PlayerAcceleration>0</PlayerAcceleration>
    <CameraRotationX>0,1863398</CameraRotationX>
    <CameraRotationY>0,1061403</CameraRotationY>
    <CameraRotationZ>-0,02637884</CameraRotationZ>
    <PlayerPositionX>-59,98978</PlayerPositionX>
    <PlayerPositionY>8,563305</PlayerPositionY>
    <PlayerPositionZ>-66,94212</PlayerPositionZ>
    <GameFps>90</GameFps>
    <DiscomfortLevel>0</DiscomfortLevel>
  </Data>
  <Data TimeStamp="0,6838388">
    <UserGenere>feminino</UserGenere>
    <UserAge>18 A 36</UserAge>
    <UserExperience>NENHUMA</UserExperience>
    <UserSymptoms>NENHUM</UserSymptoms>
    <UserFlicker>NENHUM</UserFlicker>
    <UserGlassesUse>NÃO</UserGlassesUse>
    <UserVisionProblems>NENHUM</UserVisionProblems>
    <UserPosture>SENTADO</UserPosture>
    <UserEyeDominance>ESQUERDO</UserEyeDominance>
    <StaticFrame>True</StaticFrame>
    <HapticFeedback>False</HapticFeedback>
    <DegreeOfControl>TOTAL</DegreeOfControl>
    <DofSimulation>False</DofSimulation>
    <Locomotion>False</Locomotion>
    <CameraAutoMovement>False</CameraAutoMovement>
    <RegionOfInterest>foreground</RegionOfInterest>
    <TimeStamp>0,6838388</TimeStamp>
    <CameraFieldOfView>96,01604</CameraFieldOfView>
    <PlayerSpeed>0</PlayerSpeed>
    <PlayerAcceleration>0</PlayerAcceleration>
    <CameraRotationX>0,2161888</CameraRotationX>
    <CameraRotationY>0,06933054</CameraRotationY>
    <CameraRotationZ>-0,03896577</CameraRotationZ>
    <PlayerPositionX>-60,03853</PlayerPositionX>
    <PlayerPositionY>8,560628</PlayerPositionY>
    <PlayerPositionZ>-66,94518</PlayerPositionZ>
    <GameFps>36</GameFps>
    <DiscomfortLevel>0</DiscomfortLevel>
  </Data>
  <Data TimeStamp="1,996385">
    <UserGenere>feminino</UserGenere>
    <UserAge>18 A 36</UserAge>
    <UserExperience>NENHUMA</UserExperience>
    <UserSymptoms>NENHUM</UserSymptoms>
    <UserFlicker>NENHUM</UserFlicker>
    <UserGlassesUse>NÃO</UserGlassesUse>
    <UserVisionProblems>NENHUM</UserVisionProblems>
    <UserPosture>SENTADO</UserPosture>
    <UserEyeDominance>ESQUERDO</UserEyeDominance>
    <StaticFrame>True</StaticFrame>
    <HapticFeedback>False</HapticFeedback>
    <DegreeOfControl>TOTAL</DegreeOfControl>
    <DofSimulation>False</DofSimulation>
    <Locomotion>False</Locomotion>
    <CameraAutoMovement>False</CameraAutoMovement>
    <RegionOfInterest>foreground</RegionOfInterest>
    <TimeStamp>1,996385</TimeStamp>
    <CameraFieldOfView>96,01604</CameraFieldOfView>
    <PlayerSpeed>0</PlayerSpeed>
    <PlayerAcceleration>0</PlayerAcceleration>
    <CameraRotationX>0,2326749</CameraRotationX>
    <CameraRotationY>0,1130734</CameraRotationY>
    <CameraRotationZ>-0,05201054</CameraRotationZ>
    <PlayerPositionX>-60,03871</PlayerPositionX>
    <PlayerPositionY>8,560638</PlayerPositionY>
    <PlayerPositionZ>-66,94517</PlayerPositionZ>
    <GameFps>88</GameFps>
    <DiscomfortLevel>0</DiscomfortLevel>
  </Data>
  <Data TimeStamp="2,997726">
    <UserGenere>feminino</UserGenere>
    <UserAge>18 A 36</UserAge>
    <UserExperience>NENHUMA</UserExperience>
    <UserSymptoms>NENHUM</UserSymptoms>
    <UserFlicker>NENHUM</UserFlicker>
    <UserGlassesUse>NÃO</UserGlassesUse>
    <UserVisionProblems>NENHUM</UserVisionProblems>
    <UserPosture>SENTADO</UserPosture>
    <UserEyeDominance>ESQUERDO</UserEyeDominance>
    <StaticFrame>True</StaticFrame>
    <HapticFeedback>False</HapticFeedback>
    <DegreeOfControl>TOTAL</DegreeOfControl>
    <DofSimulation>False</DofSimulation>
    <Locomotion>False</Locomotion>
    <CameraAutoMovement>False</CameraAutoMovement>
    <RegionOfInterest>foreground</RegionOfInterest>
    <TimeStamp>2,997726</TimeStamp>
    <CameraFieldOfView>96,01604</CameraFieldOfView>
    <PlayerSpeed>0</PlayerSpeed>
    <PlayerAcceleration>0</PlayerAcceleration>
    <CameraRotationX>0,1955028</CameraRotationX>
    <CameraRotationY>0,1631217</CameraRotationY>
    <CameraRotationZ>-0,05599372</CameraRotationZ>
    <PlayerPositionX>-60,0389</PlayerPositionX>
    <PlayerPositionY>8,560626</PlayerPositionY>
    <PlayerPositionZ>-66,94518</PlayerPositionZ>
    <GameFps>90</GameFps>
    <DiscomfortLevel>0</DiscomfortLevel>
  </Data>
  <Data TimeStamp="3,999298">
    <UserGenere>feminino</UserGenere>
    <UserAge>18 A 36</UserAge>
    <UserExperience>NENHUMA</UserExperience>
    <UserSymptoms>NENHUM</UserSymptoms>
    <UserFlicker>NENHUM</UserFlicker>
    <UserGlassesUse>NÃO</UserGlassesUse>
    <UserVisionProblems>NENHUM</UserVisionProblems>
    <UserPosture>SENTADO</UserPosture>
    <UserEyeDominance>ESQUERDO</UserEyeDominance>
    <StaticFrame>True</StaticFrame>
    <HapticFeedback>False</HapticFeedback>
    <DegreeOfControl>TOTAL</DegreeOfControl>
    <DofSimulation>False</DofSimulation>
    <Locomotion>False</Locomotion>
    <CameraAutoMovement>False</CameraAutoMovement>
    <RegionOfInterest>foreground</RegionOfInterest>
    <TimeStamp>3,999298</TimeStamp>
    <CameraFieldOfView>96,01604</CameraFieldOfView>
    <PlayerSpeed>0</PlayerSpeed>
    <PlayerAcceleration>0</PlayerAcceleration>
    <CameraRotationX>0,1663512</CameraRotationX>
    <CameraRotationY>0,17632</CameraRotationY>
    <CameraRotationZ>-0,05276699</CameraRotationZ>
    <PlayerPositionX>-60,03909</PlayerPositionX>
    <PlayerPositionY>8,560613</PlayerPositionY>
    <PlayerPositionZ>-66,94518</PlayerPositionZ>
    <GameFps>90</GameFps>
    <DiscomfortLevel>0</DiscomfortLevel>
  </Data>
  <Data TimeStamp="4,999687">
    <UserGenere>feminino</UserGenere>
    <UserAge>18 A 36</UserAge>
    <UserExperience>NENHUMA</UserExperience>
    <UserSymptoms>NENHUM</UserSymptoms>
    <UserFlicker>NENHUM</UserFlicker>
    <UserGlassesUse>NÃO</UserGlassesUse>
    <UserVisionProblems>NENHUM</UserVisionProblems>
    <UserPosture>SENTADO</UserPosture>
    <UserEyeDominance>ESQUERDO</UserEyeDominance>
    <StaticFrame>True</StaticFrame>
    <HapticFeedback>False</HapticFeedback>
    <DegreeOfControl>TOTAL</DegreeOfControl>
    <DofSimulation>False</DofSimulation>
    <Locomotion>False</Locomotion>
    <CameraAutoMovement>False</CameraAutoMovement>
    <RegionOfInterest>foreground</RegionOfInterest>
    <TimeStamp>4,999687</TimeStamp>
    <CameraFieldOfView>96,01604</CameraFieldOfView>
    <PlayerSpeed>0</PlayerSpeed>
    <PlayerAcceleration>0</PlayerAcceleration>
    <CameraRotationX>0,1336515</CameraRotationX>
    <CameraRotationY>0,18238</CameraRotationY>
    <CameraRotationZ>-0,04386038</CameraRotationZ>
    <PlayerPositionX>-60,03928</PlayerPositionX>
    <PlayerPositionY>8,560597</PlayerPositionY>
    <PlayerPositionZ>-66,94518</PlayerPositionZ>
    <GameFps>90</GameFps>
    <DiscomfortLevel>0</DiscomfortLevel>
  </Data>
  <Data TimeStamp="6,000605">
    <UserGenere>feminino</UserGenere>
    <UserAge>18 A 36</UserAge>
    <UserExperience>NENHUMA</UserExperience>
    <UserSymptoms>NENHUM</UserSymptoms>
    <UserFlicker>NENHUM</UserFlicker>
    <UserGlassesUse>NÃO</UserGlassesUse>
    <UserVisionProblems>NENHUM</UserVisionProblems>
    <UserPosture>SENTADO</UserPosture>
    <UserEyeDominance>ESQUERDO</UserEyeDominance>
    <StaticFrame>True</StaticFrame>
    <HapticFeedback>False</HapticFeedback>
    <DegreeOfControl>TOTAL</DegreeOfControl>
    <DofSimulation>False</DofSimulation>
    <Locomotion>False</Locomotion>
    <CameraAutoMovement>False</CameraAutoMovement>
    <RegionOfInterest>foreground</RegionOfInterest>
    <TimeStamp>6,000605</TimeStamp>
    <CameraFieldOfView>96,01604</CameraFieldOfView>
    <PlayerSpeed>0</PlayerSpeed>
    <PlayerAcceleration>0</PlayerAcceleration>
    <CameraRotationX>0,163306</CameraRotationX>
    <CameraRotationY>0,1879649</CameraRotationY>
    <CameraRotationZ>-0,05195385</CameraRotationZ>
    <PlayerPositionX>-60,03947</PlayerPositionX>
    <PlayerPositionY>8,560583</PlayerPositionY>
    <PlayerPositionZ>-66,94518</PlayerPositionZ>
    <GameFps>90</GameFps>
    <DiscomfortLevel>0</DiscomfortLevel>
  </Data>
  <Data TimeStamp="7,000906">
    <UserGenere>feminino</UserGenere>
    <UserAge>18 A 36</UserAge>
    <UserExperience>NENHUMA</UserExperience>
    <UserSymptoms>NENHUM</UserSymptoms>
    <UserFlicker>NENHUM</UserFlicker>
    <UserGlassesUse>NÃO</UserGlassesUse>
    <UserVisionProblems>NENHUM</UserVisionProblems>
    <UserPosture>SENTADO</UserPosture>
    <UserEyeDominance>ESQUERDO</UserEyeDominance>
    <StaticFrame>True</StaticFrame>
    <HapticFeedback>False</HapticFeedback>
    <DegreeOfControl>TOTAL</DegreeOfControl>
    <DofSimulation>False</DofSimulation>
    <Locomotion>False</Locomotion>
    <CameraAutoMovement>False</CameraAutoMovement>
    <RegionOfInterest>foreground</RegionOfInterest>
    <TimeStamp>7,000906</TimeStamp>
    <CameraFieldOfView>96,01604</CameraFieldOfView>
    <PlayerSpeed>0</PlayerSpeed>
    <PlayerAcceleration>0</PlayerAcceleration>
    <CameraRotationX>0,1712546</CameraRotationX>
    <CameraRotationY>0,20474</CameraRotationY>
    <CameraRotationZ>-0,06273861</CameraRotationZ>
    <PlayerPositionX>-60,03967</PlayerPositionX>
    <PlayerPositionY>8,560569</PlayerPositionY>
    <PlayerPositionZ>-66,94518</PlayerPositionZ>
    <GameFps>90</GameFps>
    <DiscomfortLevel>3</DiscomfortLevel>
  </Data>
  <Data TimeStamp="8,001806">
    <UserGenere>feminino</UserGenere>
    <UserAge>18 A 36</UserAge>
    <UserExperience>NENHUMA</UserExperience>
    <UserSymptoms>NENHUM</UserSymptoms>
    <UserFlicker>NENHUM</UserFlicker>
    <UserGlassesUse>NÃO</UserGlassesUse>
    <UserVisionProblems>NENHUM</UserVisionProblems>
    <UserPosture>SENTADO</UserPosture>
    <UserEyeDominance>ESQUERDO</UserEyeDominance>
    <StaticFrame>True</StaticFrame>
    <HapticFeedback>False</HapticFeedback>
    <DegreeOfControl>TOTAL</DegreeOfControl>
    <DofSimulation>False</DofSimulation>
    <Locomotion>False</Locomotion>
    <CameraAutoMovement>False</CameraAutoMovement>
    <RegionOfInterest>foreground</RegionOfInterest>
    <TimeStamp>8,001806</TimeStamp>
    <CameraFieldOfView>96,01604</CameraFieldOfView>
    <PlayerSpeed>0</PlayerSpeed>
    <PlayerAcceleration>0</PlayerAcceleration>
    <CameraRotationX>0,1660288</CameraRotationX>
    <CameraRotationY>0,2116192</CameraRotationY>
    <CameraRotationZ>-0,06254192</CameraRotationZ>
    <PlayerPositionX>-60,03986</PlayerPositionX>
    <PlayerPositionY>8,560557</PlayerPositionY>
    <PlayerPositionZ>-66,94518</PlayerPositionZ>
    <GameFps>90</GameFps>
    <DiscomfortLevel>3</DiscomfortLevel>
  </Data>
  <Data TimeStamp="9,001246">
    <UserGenere>feminino</UserGenere>
    <UserAge>18 A 36</UserAge>
    <UserExperience>NENHUMA</UserExperience>
    <UserSymptoms>NENHUM</UserSymptoms>
    <UserFlicker>NENHUM</UserFlicker>
    <UserGlassesUse>NÃO</UserGlassesUse>
    <UserVisionProblems>NENHUM</UserVisionProblems>
    <UserPosture>SENTADO</UserPosture>
    <UserEyeDominance>ESQUERDO</UserEyeDominance>
    <StaticFrame>True</StaticFrame>
    <HapticFeedback>False</HapticFeedback>
    <DegreeOfControl>TOTAL</DegreeOfControl>
    <DofSimulation>False</DofSimulation>
    <Locomotion>False</Locomotion>
    <CameraAutoMovement>False</CameraAutoMovement>
    <RegionOfInterest>foreground</RegionOfInterest>
    <TimeStamp>9,001246</TimeStamp>
    <CameraFieldOfView>96,01604</CameraFieldOfView>
    <PlayerSpeed>0</PlayerSpeed>
    <PlayerAcceleration>0</PlayerAcceleration>
    <CameraRotationX>0,1510779</CameraRotationX>
    <CameraRotationY>0,2117855</CameraRotationY>
    <CameraRotationZ>-0,05446157</CameraRotationZ>
    <PlayerPositionX>-60,04005</PlayerPositionX>
    <PlayerPositionY>8,560543</PlayerPositionY>
    <PlayerPositionZ>-66,94518</PlayerPositionZ>
    <GameFps>90</GameFps>
    <DiscomfortLevel>3</DiscomfortLevel>
  </Data>
  <Data TimeStamp="10,00166">
    <UserGenere>feminino</UserGenere>
    <UserAge>18 A 36</UserAge>
    <UserExperience>NENHUMA</UserExperience>
    <UserSymptoms>NENHUM</UserSymptoms>
    <UserFlicker>NENHUM</UserFlicker>
    <UserGlassesUse>NÃO</UserGlassesUse>
    <UserVisionProblems>NENHUM</UserVisionProblems>
    <UserPosture>SENTADO</UserPosture>
    <UserEyeDominance>ESQUERDO</UserEyeDominance>
    <StaticFrame>True</StaticFrame>
    <HapticFeedback>False</HapticFeedback>
    <DegreeOfControl>TOTAL</DegreeOfControl>
    <DofSimulation>False</DofSimulation>
    <Locomotion>False</Locomotion>
    <CameraAutoMovement>False</CameraAutoMovement>
    <RegionOfInterest>foreground</RegionOfInterest>
    <TimeStamp>10,00166</TimeStamp>
    <CameraFieldOfView>96,01604</CameraFieldOfView>
    <PlayerSpeed>0</PlayerSpeed>
    <PlayerAcceleration>0</PlayerAcceleration>
    <CameraRotationX>0,1357702</CameraRotationX>
    <CameraRotationY>0,2172063</CameraRotationY>
    <CameraRotationZ>-0,05498861</CameraRotationZ>
    <PlayerPositionX>-60,04024</PlayerPositionX>
    <PlayerPositionY>8,560528</PlayerPositionY>
    <PlayerPositionZ>-66,94518</PlayerPositionZ>
    <GameFps>90</GameFps>
    <DiscomfortLevel>3</DiscomfortLevel>
  </Data>
  <Data TimeStamp="11,0016">
    <UserGenere>feminino</UserGenere>
    <UserAge>18 A 36</UserAge>
    <UserExperience>NENHUMA</UserExperience>
    <UserSymptoms>NENHUM</UserSymptoms>
    <UserFlicker>NENHUM</UserFlicker>
    <UserGlassesUse>NÃO</UserGlassesUse>
    <UserVisionProblems>NENHUM</UserVisionProblems>
    <UserPosture>SENTADO</UserPosture>
    <UserEyeDominance>ESQUERDO</UserEyeDominance>
    <StaticFrame>True</StaticFrame>
    <HapticFeedback>False</HapticFeedback>
    <DegreeOfControl>TOTAL</DegreeOfControl>
    <DofSimulation>False</DofSimulation>
    <Locomotion>False</Locomotion>
    <CameraAutoMovement>False</CameraAutoMovement>
    <RegionOfInterest>foreground</RegionOfInterest>
    <TimeStamp>11,0016</TimeStamp>
    <CameraFieldOfView>96,01604</CameraFieldOfView>
    <PlayerSpeed>0</PlayerSpeed>
    <PlayerAcceleration>0</PlayerAcceleration>
    <CameraRotationX>0,1450248</CameraRotationX>
    <CameraRotationY>0,2119369</CameraRotationY>
    <CameraRotationZ>-0,05887809</CameraRotationZ>
    <PlayerPositionX>-60,04043</PlayerPositionX>
    <PlayerPositionY>8,560513</PlayerPositionY>
    <PlayerPositionZ>-66,94518</PlayerPositionZ>
    <GameFps>90</GameFps>
    <DiscomfortLevel>3</DiscomfortLevel>
  </Data>
  <Data TimeStamp="12,00146">
    <UserGenere>feminino</UserGenere>
    <UserAge>18 A 36</UserAge>
    <UserExperience>NENHUMA</UserExperience>
    <UserSymptoms>NENHUM</UserSymptoms>
    <UserFlicker>NENHUM</UserFlicker>
    <UserGlassesUse>NÃO</UserGlassesUse>
    <UserVisionProblems>NENHUM</UserVisionProblems>
    <UserPosture>SENTADO</UserPosture>
    <UserEyeDominance>ESQUERDO</UserEyeDominance>
    <StaticFrame>True</StaticFrame>
    <HapticFeedback>False</HapticFeedback>
    <DegreeOfControl>TOTAL</DegreeOfControl>
    <DofSimulation>False</DofSimulation>
    <Locomotion>False</Locomotion>
    <CameraAutoMovement>False</CameraAutoMovement>
    <RegionOfInterest>foreground</RegionOfInterest>
    <TimeStamp>12,00146</TimeStamp>
    <CameraFieldOfView>96,01604</CameraFieldOfView>
    <PlayerSpeed>0</PlayerSpeed>
    <PlayerAcceleration>0</PlayerAcceleration>
    <CameraRotationX>0,143997</CameraRotationX>
    <CameraRotationY>0,2148023</CameraRotationY>
    <CameraRotationZ>-0,06576888</CameraRotationZ>
    <PlayerPositionX>-60,04062</PlayerPositionX>
    <PlayerPositionY>8,560498</PlayerPositionY>
    <PlayerPositionZ>-66,94518</PlayerPositionZ>
    <GameFps>90</GameFps>
    <DiscomfortLevel>0</DiscomfortLevel>
  </Data>
  <Data TimeStamp="13,00144">
    <UserGenere>feminino</UserGenere>
    <UserAge>18 A 36</UserAge>
    <UserExperience>NENHUMA</UserExperience>
    <UserSymptoms>NENHUM</UserSymptoms>
    <UserFlicker>NENHUM</UserFlicker>
    <UserGlassesUse>NÃO</UserGlassesUse>
    <UserVisionProblems>NENHUM</UserVisionProblems>
    <UserPosture>SENTADO</UserPosture>
    <UserEyeDominance>ESQUERDO</UserEyeDominance>
    <StaticFrame>True</StaticFrame>
    <HapticFeedback>False</HapticFeedback>
    <DegreeOfControl>TOTAL</DegreeOfControl>
    <DofSimulation>False</DofSimulation>
    <Locomotion>False</Locomotion>
    <CameraAutoMovement>False</CameraAutoMovement>
    <RegionOfInterest>foreground</RegionOfInterest>
    <TimeStamp>13,00144</TimeStamp>
    <CameraFieldOfView>96,01604</CameraFieldOfView>
    <PlayerSpeed>0</PlayerSpeed>
    <PlayerAcceleration>0</PlayerAcceleration>
    <CameraRotationX>0,1406309</CameraRotationX>
    <CameraRotationY>0,2136954</CameraRotationY>
    <CameraRotationZ>-0,0635272</CameraRotationZ>
    <PlayerPositionX>-60,04081</PlayerPositionX>
    <PlayerPositionY>8,560484</PlayerPositionY>
    <PlayerPositionZ>-66,94518</PlayerPositionZ>
    <GameFps>90</GameFps>
    <DiscomfortLevel>0</DiscomfortLevel>
  </Data>
  <Data TimeStamp="14,00173">
    <UserGenere>feminino</UserGenere>
    <UserAge>18 A 36</UserAge>
    <UserExperience>NENHUMA</UserExperience>
    <UserSymptoms>NENHUM</UserSymptoms>
    <UserFlicker>NENHUM</UserFlicker>
    <UserGlassesUse>NÃO</UserGlassesUse>
    <UserVisionProblems>NENHUM</UserVisionProblems>
    <UserPosture>SENTADO</UserPosture>
    <UserEyeDominance>ESQUERDO</UserEyeDominance>
    <StaticFrame>True</StaticFrame>
    <HapticFeedback>False</HapticFeedback>
    <DegreeOfControl>TOTAL</DegreeOfControl>
    <DofSimulation>False</DofSimulation>
    <Locomotion>False</Locomotion>
    <CameraAutoMovement>False</CameraAutoMovement>
    <RegionOfInterest>foreground</RegionOfInterest>
    <TimeStamp>14,00173</TimeStamp>
    <CameraFieldOfView>96,01604</CameraFieldOfView>
    <PlayerSpeed>0</PlayerSpeed>
    <PlayerAcceleration>0</PlayerAcceleration>
    <CameraRotationX>0,1259933</CameraRotationX>
    <CameraRotationY>0,1920632</CameraRotationY>
    <CameraRotationZ>-0,05820671</CameraRotationZ>
    <PlayerPositionX>-60,041</PlayerPositionX>
    <PlayerPositionY>8,56047</PlayerPositionY>
    <PlayerPositionZ>-66,94518</PlayerPositionZ>
    <GameFps>90</GameFps>
    <DiscomfortLevel>0</DiscomfortLevel>
  </Data>
  <Data TimeStamp="15,00065">
    <UserGenere>feminino</UserGenere>
    <UserAge>18 A 36</UserAge>
    <UserExperience>NENHUMA</UserExperience>
    <UserSymptoms>NENHUM</UserSymptoms>
    <UserFlicker>NENHUM</UserFlicker>
    <UserGlassesUse>NÃO</UserGlassesUse>
    <UserVisionProblems>NENHUM</UserVisionProblems>
    <UserPosture>SENTADO</UserPosture>
    <UserEyeDominance>ESQUERDO</UserEyeDominance>
    <StaticFrame>True</StaticFrame>
    <HapticFeedback>False</HapticFeedback>
    <DegreeOfControl>TOTAL</DegreeOfControl>
    <DofSimulation>False</DofSimulation>
    <Locomotion>False</Locomotion>
    <CameraAutoMovement>False</CameraAutoMovement>
    <RegionOfInterest>foreground</RegionOfInterest>
    <TimeStamp>15,00065</TimeStamp>
    <CameraFieldOfView>96,01604</CameraFieldOfView>
    <PlayerSpeed>0</PlayerSpeed>
    <PlayerAcceleration>0</PlayerAcceleration>
    <CameraRotationX>0,2341777</CameraRotationX>
    <CameraRotationY>0,2152608</CameraRotationY>
    <CameraRotationZ>-0,09351526</CameraRotationZ>
    <PlayerPositionX>-60,04119</PlayerPositionX>
    <PlayerPositionY>8,560454</PlayerPositionY>
    <PlayerPositionZ>-66,94518</PlayerPositionZ>
    <GameFps>90</GameFps>
    <DiscomfortLevel>0</DiscomfortLevel>
  </Data>
  <Data TimeStamp="16,00011">
    <UserGenere>feminino</UserGenere>
    <UserAge>18 A 36</UserAge>
    <UserExperience>NENHUMA</UserExperience>
    <UserSymptoms>NENHUM</UserSymptoms>
    <UserFlicker>NENHUM</UserFlicker>
    <UserGlassesUse>NÃO</UserGlassesUse>
    <UserVisionProblems>NENHUM</UserVisionProblems>
    <UserPosture>SENTADO</UserPosture>
    <UserEyeDominance>ESQUERDO</UserEyeDominance>
    <StaticFrame>True</StaticFrame>
    <HapticFeedback>False</HapticFeedback>
    <DegreeOfControl>TOTAL</DegreeOfControl>
    <DofSimulation>False</DofSimulation>
    <Locomotion>False</Locomotion>
    <CameraAutoMovement>False</CameraAutoMovement>
    <RegionOfInterest>foreground</RegionOfInterest>
    <TimeStamp>16,00011</TimeStamp>
    <CameraFieldOfView>96,01604</CameraFieldOfView>
    <PlayerSpeed>0</PlayerSpeed>
    <PlayerAcceleration>0</PlayerAcceleration>
    <CameraRotationX>0,19816</CameraRotationX>
    <CameraRotationY>0,1943552</CameraRotationY>
    <CameraRotationZ>-0,07349568</CameraRotationZ>
    <PlayerPositionX>-60,04139</PlayerPositionX>
    <PlayerPositionY>8,560442</PlayerPositionY>
    <PlayerPositionZ>-66,94518</PlayerPositionZ>
    <GameFps>90</GameFps>
    <DiscomfortLevel>0</DiscomfortLevel>
  </Data>
  <Data TimeStamp="17,00224">
    <UserGenere>feminino</UserGenere>
    <UserAge>18 A 36</UserAge>
    <UserExperience>NENHUMA</UserExperience>
    <UserSymptoms>NENHUM</UserSymptoms>
    <UserFlicker>NENHUM</UserFlicker>
    <UserGlassesUse>NÃO</UserGlassesUse>
    <UserVisionProblems>NENHUM</UserVisionProblems>
    <UserPosture>SENTADO</UserPosture>
    <UserEyeDominance>ESQUERDO</UserEyeDominance>
    <StaticFrame>True</StaticFrame>
    <HapticFeedback>False</HapticFeedback>
    <DegreeOfControl>TOTAL</DegreeOfControl>
    <DofSimulation>False</DofSimulation>
    <Locomotion>False</Locomotion>
    <CameraAutoMovement>False</CameraAutoMovement>
    <RegionOfInterest>foreground</RegionOfInterest>
    <TimeStamp>17,00224</TimeStamp>
    <CameraFieldOfView>96,01604</CameraFieldOfView>
    <PlayerSpeed>2</PlayerSpeed>
    <PlayerAcceleration>2</PlayerAcceleration>
    <CameraRotationX>0,1892458</CameraRotationX>
    <CameraRotationY>0,1982995</CameraRotationY>
    <CameraRotationZ>-0,07234044</CameraRotationZ>
    <PlayerPositionX>-60,08376</PlayerPositionX>
    <PlayerPositionY>8,540483</PlayerPositionY>
    <PlayerPositionZ>-66,79381</PlayerPositionZ>
    <GameFps>90</GameFps>
    <DiscomfortLevel>0</DiscomfortLevel>
  </Data>
  <Data TimeStamp="18,00202">
    <UserGenere>feminino</UserGenere>
    <UserAge>18 A 36</UserAge>
    <UserExperience>NENHUMA</UserExperience>
    <UserSymptoms>NENHUM</UserSymptoms>
    <UserFlicker>NENHUM</UserFlicker>
    <UserGlassesUse>NÃO</UserGlassesUse>
    <UserVisionProblems>NENHUM</UserVisionProblems>
    <UserPosture>SENTADO</UserPosture>
    <UserEyeDominance>ESQUERDO</UserEyeDominance>
    <StaticFrame>True</StaticFrame>
    <HapticFeedback>False</HapticFeedback>
    <DegreeOfControl>TOTAL</DegreeOfControl>
    <DofSimulation>False</DofSimulation>
    <Locomotion>False</Locomotion>
    <CameraAutoMovement>False</CameraAutoMovement>
    <RegionOfInterest>foreground</RegionOfInterest>
    <TimeStamp>18,00202</TimeStamp>
    <CameraFieldOfView>96,01604</CameraFieldOfView>
    <PlayerSpeed>11</PlayerSpeed>
    <PlayerAcceleration>9</PlayerAcceleration>
    <CameraRotationX>0,185785</CameraRotationX>
    <CameraRotationY>0,2036669</CameraRotationY>
    <CameraRotationZ>-0,0710311</CameraRotationZ>
    <PlayerPositionX>-60,23855</PlayerPositionX>
    <PlayerPositionY>8,396399</PlayerPositionY>
    <PlayerPositionZ>-65,62663</PlayerPositionZ>
    <GameFps>90</GameFps>
    <DiscomfortLevel>0</DiscomfortLevel>
  </Data>
  <Data TimeStamp="19,00236">
    <UserGenere>feminino</UserGenere>
    <UserAge>18 A 36</UserAge>
    <UserExperience>NENHUMA</UserExperience>
    <UserSymptoms>NENHUM</UserSymptoms>
    <UserFlicker>NENHUM</UserFlicker>
    <UserGlassesUse>NÃO</UserGlassesUse>
    <UserVisionProblems>NENHUM</UserVisionProblems>
    <UserPosture>SENTADO</UserPosture>
    <UserEyeDominance>ESQUERDO</UserEyeDominance>
    <StaticFrame>True</StaticFrame>
    <HapticFeedback>False</HapticFeedback>
    <DegreeOfControl>TOTAL</DegreeOfControl>
    <DofSimulation>False</DofSimulation>
    <Locomotion>False</Locomotion>
    <CameraAutoMovement>False</CameraAutoMovement>
    <RegionOfInterest>foreground</RegionOfInterest>
    <TimeStamp>19,00236</TimeStamp>
    <CameraFieldOfView>96,01604</CameraFieldOfView>
    <PlayerSpeed>11</PlayerSpeed>
    <PlayerAcceleration>0</PlayerAcceleration>
    <CameraRotationX>0,1843624</CameraRotationX>
    <CameraRotationY>0,2191563</CameraRotationY>
    <CameraRotationZ>-0,06453241</CameraRotationZ>
    <PlayerPositionX>-60,58549</PlayerPositionX>
    <PlayerPositionY>7,896801</PlayerPositionY>
    <PlayerPositionZ>-61,7841</PlayerPositionZ>
    <GameFps>90</GameFps>
    <DiscomfortLevel>0</DiscomfortLevel>
  </Data>
  <Data TimeStamp="20,00108">
    <UserGenere>feminino</UserGenere>
    <UserAge>18 A 36</UserAge>
    <UserExperience>NENHUMA</UserExperience>
    <UserSymptoms>NENHUM</UserSymptoms>
    <UserFlicker>NENHUM</UserFlicker>
    <UserGlassesUse>NÃO</UserGlassesUse>
    <UserVisionProblems>NENHUM</UserVisionProblems>
    <UserPosture>SENTADO</UserPosture>
    <UserEyeDominance>ESQUERDO</UserEyeDominance>
    <StaticFrame>True</StaticFrame>
    <HapticFeedback>False</HapticFeedback>
    <DegreeOfControl>TOTAL</DegreeOfControl>
    <DofSimulation>False</DofSimulation>
    <Locomotion>False</Locomotion>
    <CameraAutoMovement>False</CameraAutoMovement>
    <RegionOfInterest>foreground</RegionOfInterest>
    <TimeStamp>20,00108</TimeStamp>
    <CameraFieldOfView>96,01604</CameraFieldOfView>
    <PlayerSpeed>7</PlayerSpeed>
    <PlayerAcceleration>-4</PlayerAcceleration>
    <CameraRotationX>0,2119939</CameraRotationX>
    <CameraRotationY>0,2895696</CameraRotationY>
    <CameraRotationZ>-0,05548077</CameraRotationZ>
    <PlayerPositionX>-60,79294</PlayerPositionX>
    <PlayerPositionY>7,544284</PlayerPositionY>
    <PlayerPositionZ>-59,31714</PlayerPositionZ>
    <GameFps>90</GameFps>
    <DiscomfortLevel>0</DiscomfortLevel>
  </Data>
  <Data TimeStamp="21,00156">
    <UserGenere>feminino</UserGenere>
    <UserAge>18 A 36</UserAge>
    <UserExperience>NENHUMA</UserExperience>
    <UserSymptoms>NENHUM</UserSymptoms>
    <UserFlicker>NENHUM</UserFlicker>
    <UserGlassesUse>NÃO</UserGlassesUse>
    <UserVisionProblems>NENHUM</UserVisionProblems>
    <UserPosture>SENTADO</UserPosture>
    <UserEyeDominance>ESQUERDO</UserEyeDominance>
    <StaticFrame>True</StaticFrame>
    <HapticFeedback>False</HapticFeedback>
    <DegreeOfControl>TOTAL</DegreeOfControl>
    <DofSimulation>False</DofSimulation>
    <Locomotion>False</Locomotion>
    <CameraAutoMovement>False</CameraAutoMovement>
    <RegionOfInterest>foreground</RegionOfInterest>
    <TimeStamp>21,00156</TimeStamp>
    <CameraFieldOfView>96,01604</CameraFieldOfView>
    <PlayerSpeed>6</PlayerSpeed>
    <PlayerAcceleration>-1</PlayerAcceleration>
    <CameraRotationX>0,2145223</CameraRotationX>
    <CameraRotationY>0,1812133</CameraRotationY>
    <CameraRotationZ>-0,1026331</CameraRotationZ>
    <PlayerPositionX>-60,93298</PlayerPositionX>
    <PlayerPositionY>7,272463</PlayerPositionY>
    <PlayerPositionZ>-57,51975</PlayerPositionZ>
    <GameFps>90</GameFps>
    <DiscomfortLevel>0</DiscomfortLevel>
  </Data>
  <Data TimeStamp="22,00247">
    <UserGenere>feminino</UserGenere>
    <UserAge>18 A 36</UserAge>
    <UserExperience>NENHUMA</UserExperience>
    <UserSymptoms>NENHUM</UserSymptoms>
    <UserFlicker>NENHUM</UserFlicker>
    <UserGlassesUse>NÃO</UserGlassesUse>
    <UserVisionProblems>NENHUM</UserVisionProblems>
    <UserPosture>SENTADO</UserPosture>
    <UserEyeDominance>ESQUERDO</UserEyeDominance>
    <StaticFrame>True</StaticFrame>
    <HapticFeedback>False</HapticFeedback>
    <DegreeOfControl>TOTAL</DegreeOfControl>
    <DofSimulation>False</DofSimulation>
    <Locomotion>False</Locomotion>
    <CameraAutoMovement>False</CameraAutoMovement>
    <RegionOfInterest>foreground</RegionOfInterest>
    <TimeStamp>22,00247</TimeStamp>
    <CameraFieldOfView>96,01604</CameraFieldOfView>
    <PlayerSpeed>6</PlayerSpeed>
    <PlayerAcceleration>0</PlayerAcceleration>
    <CameraRotationX>0,1372987</CameraRotationX>
    <CameraRotationY>0,2346635</CameraRotationY>
    <CameraRotationZ>-0,05322114</CameraRotationZ>
    <PlayerPositionX>-61,04179</PlayerPositionX>
    <PlayerPositionY>7,025868</PlayerPositionY>
    <PlayerPositionZ>-55,95565</PlayerPositionZ>
    <GameFps>90</GameFps>
    <DiscomfortLevel>0</DiscomfortLevel>
  </Data>
  <Data TimeStamp="23,00267">
    <UserGenere>feminino</UserGenere>
    <UserAge>18 A 36</UserAge>
    <UserExperience>NENHUMA</UserExperience>
    <UserSymptoms>NENHUM</UserSymptoms>
    <UserFlicker>NENHUM</UserFlicker>
    <UserGlassesUse>NÃO</UserGlassesUse>
    <UserVisionProblems>NENHUM</UserVisionProblems>
    <UserPosture>SENTADO</UserPosture>
    <UserEyeDominance>ESQUERDO</UserEyeDominance>
    <StaticFrame>True</StaticFrame>
    <HapticFeedback>False</HapticFeedback>
    <DegreeOfControl>TOTAL</DegreeOfControl>
    <DofSimulation>False</DofSimulation>
    <Locomotion>False</Locomotion>
    <CameraAutoMovement>False</CameraAutoMovement>
    <RegionOfInterest>middleground</RegionOfInterest>
    <TimeStamp>23,00267</TimeStamp>
    <CameraFieldOfView>96,01604</CameraFieldOfView>
    <PlayerSpeed>5</PlayerSpeed>
    <PlayerAcceleration>-1</PlayerAcceleration>
    <CameraRotationX>0,1109255</CameraRotationX>
    <CameraRotationY>0,2447248</CameraRotationY>
    <CameraRotationZ>-0,04588263</CameraRotationZ>
    <PlayerPositionX>-61,12985</PlayerPositionX>
    <PlayerPositionY>6,781729</PlayerPositionY>
    <PlayerPositionZ>-54,45569</PlayerPositionZ>
    <GameFps>90</GameFps>
    <DiscomfortLevel>0</DiscomfortLevel>
  </Data>
  <Data TimeStamp="24,00306">
    <UserGenere>feminino</UserGenere>
    <UserAge>18 A 36</UserAge>
    <UserExperience>NENHUMA</UserExperience>
    <UserSymptoms>NENHUM</UserSymptoms>
    <UserFlicker>NENHUM</UserFlicker>
    <UserGlassesUse>NÃO</UserGlassesUse>
    <UserVisionProblems>NENHUM</UserVisionProblems>
    <UserPosture>SENTADO</UserPosture>
    <UserEyeDominance>ESQUERDO</UserEyeDominance>
    <StaticFrame>True</StaticFrame>
    <HapticFeedback>False</HapticFeedback>
    <DegreeOfControl>TOTAL</DegreeOfControl>
    <DofSimulation>False</DofSimulation>
    <Locomotion>False</Locomotion>
    <CameraAutoMovement>False</CameraAutoMovement>
    <RegionOfInterest>middleground</RegionOfInterest>
    <TimeStamp>24,00306</TimeStamp>
    <CameraFieldOfView>96,01604</CameraFieldOfView>
    <PlayerSpeed>6</PlayerSpeed>
    <PlayerAcceleration>1</PlayerAcceleration>
    <CameraRotationX>0,1145231</CameraRotationX>
    <CameraRotationY>0,2479466</CameraRotationY>
    <CameraRotationZ>-0,04608175</CameraRotationZ>
    <PlayerPositionX>-61,1993</PlayerPositionX>
    <PlayerPositionY>6,530056</PlayerPositionY>
    <PlayerPositionZ>-52,953</PlayerPositionZ>
    <GameFps>90</GameFps>
    <DiscomfortLevel>0</DiscomfortLevel>
  </Data>
</USERDATA>