﻿<?xml version="1.0" encoding="UTF-8"?>
<USERDATA>
  <Session 0="">
    <GeneralDiscomfort>0</GeneralDiscomfort>
    <Fatigue>0</Fatigue>
    <EyeStraing>0</EyeStraing>
    <DifficultyFocusing>0</DifficultyFocusing>
    <Headache>0</Headache>
    <FulnessOfHead>0</FulnessOfHead>
    <BlurredVision>0</BlurredVision>
    <DizzyEyesClosed>0</DizzyEyesClosed>
    <Vertigo>0</Vertigo>
  </Session>
  <Session 1="">
    <GeneralDiscomfort>1</GeneralDiscomfort>
    <Fatigue>0</Fatigue>
    <EyeStraing>0</EyeStraing>
    <DifficultyFocusing>0</DifficultyFocusing>
    <Headache>0</Headache>
    <FulnessOfHead>0</FulnessOfHead>
    <BlurredVision>0</BlurredVision>
    <DizzyEyesClosed>2</DizzyEyesClosed>
    <Vertigo>1</Vertigo>
  </Session>
</USERDATA>