﻿<?xml version="1.0" encoding="UTF-8"?>
<USERDATA>
  <Data TimeStamp="0,01172307">
    <UserGenere>feminino</UserGenere>
    <UserAge>18 A 36</UserAge>
    <UserExperience>NENHUMA</UserExperience>
    <UserSymptoms>NENHUM</UserSymptoms>
    <UserFlicker>NENHUM</UserFlicker>
    <UserGlassesUse>NÃO</UserGlassesUse>
    <UserVisionProblems>NENHUM</UserVisionProblems>
    <UserPosture>DE PÉ</UserPosture>
    <UserEyeDominance>DIREITO</UserEyeDominance>
    <StaticFrame>True</StaticFrame>
    <HapticFeedback>False</HapticFeedback>
    <DegreeOfControl>TOTAL</DegreeOfControl>
    <DofSimulation>False</DofSimulation>
    <Locomotion>False</Locomotion>
    <CameraAutoMovement>False</CameraAutoMovement>
    <TimeStamp>0,01172307</TimeStamp>
    <CameraFieldOfView>95,63988</CameraFieldOfView>
    <PlayerSpeed>0</PlayerSpeed>
    <PlayerAcceleration>0</PlayerAcceleration>
    <CameraRotationX>-0,05309141</CameraRotationX>
    <CameraRotationY>0,9555538</CameraRotationY>
    <CameraRotationZ>0,01101302</CameraRotationZ>
    <RegionOfInterest>background</RegionOfInterest>
    <GameFps>88</GameFps>
    <DiscomfortLevel>0</DiscomfortLevel>
  </Data>
  <Data TimeStamp="1,022881">
    <UserGenere>feminino</UserGenere>
    <UserAge>18 A 36</UserAge>
    <UserExperience>NENHUMA</UserExperience>
    <UserSymptoms>NENHUM</UserSymptoms>
    <UserFlicker>NENHUM</UserFlicker>
    <UserGlassesUse>NÃO</UserGlassesUse>
    <UserVisionProblems>NENHUM</UserVisionProblems>
    <UserPosture>DE PÉ</UserPosture>
    <UserEyeDominance>DIREITO</UserEyeDominance>
    <StaticFrame>True</StaticFrame>
    <HapticFeedback>False</HapticFeedback>
    <DegreeOfControl>TOTAL</DegreeOfControl>
    <DofSimulation>False</DofSimulation>
    <Locomotion>False</Locomotion>
    <CameraAutoMovement>False</CameraAutoMovement>
    <TimeStamp>1,022881</TimeStamp>
    <CameraFieldOfView>95,63988</CameraFieldOfView>
    <PlayerSpeed>0</PlayerSpeed>
    <PlayerAcceleration>0</PlayerAcceleration>
    <CameraRotationX>-0,05309141</CameraRotationX>
    <CameraRotationY>0,9555538</CameraRotationY>
    <CameraRotationZ>0,01101302</CameraRotationZ>
    <RegionOfInterest>background</RegionOfInterest>
    <GameFps>44</GameFps>
    <DiscomfortLevel>0</DiscomfortLevel>
  </Data>
  <Data TimeStamp="2,023688">
    <UserGenere>feminino</UserGenere>
    <UserAge>18 A 36</UserAge>
    <UserExperience>NENHUMA</UserExperience>
    <UserSymptoms>NENHUM</UserSymptoms>
    <UserFlicker>NENHUM</UserFlicker>
    <UserGlassesUse>NÃO</UserGlassesUse>
    <UserVisionProblems>NENHUM</UserVisionProblems>
    <UserPosture>DE PÉ</UserPosture>
    <UserEyeDominance>DIREITO</UserEyeDominance>
    <StaticFrame>True</StaticFrame>
    <HapticFeedback>False</HapticFeedback>
    <DegreeOfControl>TOTAL</DegreeOfControl>
    <DofSimulation>False</DofSimulation>
    <Locomotion>False</Locomotion>
    <CameraAutoMovement>False</CameraAutoMovement>
    <TimeStamp>2,023688</TimeStamp>
    <CameraFieldOfView>95,63988</CameraFieldOfView>
    <PlayerSpeed>0</PlayerSpeed>
    <PlayerAcceleration>0</PlayerAcceleration>
    <CameraRotationX>-0,05309141</CameraRotationX>
    <CameraRotationY>0,9555538</CameraRotationY>
    <CameraRotationZ>0,01101302</CameraRotationZ>
    <RegionOfInterest>background</RegionOfInterest>
    <GameFps>44</GameFps>
    <DiscomfortLevel>0</DiscomfortLevel>
  </Data>
  <Data TimeStamp="3,023543">
    <UserGenere>feminino</UserGenere>
    <UserAge>18 A 36</UserAge>
    <UserExperience>NENHUMA</UserExperience>
    <UserSymptoms>NENHUM</UserSymptoms>
    <UserFlicker>NENHUM</UserFlicker>
    <UserGlassesUse>NÃO</UserGlassesUse>
    <UserVisionProblems>NENHUM</UserVisionProblems>
    <UserPosture>DE PÉ</UserPosture>
    <UserEyeDominance>DIREITO</UserEyeDominance>
    <StaticFrame>True</StaticFrame>
    <HapticFeedback>False</HapticFeedback>
    <DegreeOfControl>TOTAL</DegreeOfControl>
    <DofSimulation>False</DofSimulation>
    <Locomotion>False</Locomotion>
    <CameraAutoMovement>False</CameraAutoMovement>
    <TimeStamp>3,023543</TimeStamp>
    <CameraFieldOfView>95,63988</CameraFieldOfView>
    <PlayerSpeed>0</PlayerSpeed>
    <PlayerAcceleration>0</PlayerAcceleration>
    <CameraRotationX>-0,05309141</CameraRotationX>
    <CameraRotationY>0,9555538</CameraRotationY>
    <CameraRotationZ>0,01101302</CameraRotationZ>
    <RegionOfInterest>background</RegionOfInterest>
    <GameFps>44</GameFps>
    <DiscomfortLevel>0</DiscomfortLevel>
  </Data>
  <Data TimeStamp="4,004443">
    <UserGenere>feminino</UserGenere>
    <UserAge>18 A 36</UserAge>
    <UserExperience>NENHUMA</UserExperience>
    <UserSymptoms>NENHUM</UserSymptoms>
    <UserFlicker>NENHUM</UserFlicker>
    <UserGlassesUse>NÃO</UserGlassesUse>
    <UserVisionProblems>NENHUM</UserVisionProblems>
    <UserPosture>DE PÉ</UserPosture>
    <UserEyeDominance>DIREITO</UserEyeDominance>
    <StaticFrame>True</StaticFrame>
    <HapticFeedback>False</HapticFeedback>
    <DegreeOfControl>TOTAL</DegreeOfControl>
    <DofSimulation>False</DofSimulation>
    <Locomotion>False</Locomotion>
    <CameraAutoMovement>False</CameraAutoMovement>
    <TimeStamp>4,004443</TimeStamp>
    <CameraFieldOfView>95,63988</CameraFieldOfView>
    <PlayerSpeed>0</PlayerSpeed>
    <PlayerAcceleration>0</PlayerAcceleration>
    <CameraRotationX>-0,05309141</CameraRotationX>
    <CameraRotationY>0,9555538</CameraRotationY>
    <CameraRotationZ>0,01101302</CameraRotationZ>
    <RegionOfInterest>background</RegionOfInterest>
    <GameFps>44</GameFps>
    <DiscomfortLevel>0</DiscomfortLevel>
  </Data>
  <Data TimeStamp="5,005496">
    <UserGenere>feminino</UserGenere>
    <UserAge>18 A 36</UserAge>
    <UserExperience>NENHUMA</UserExperience>
    <UserSymptoms>NENHUM</UserSymptoms>
    <UserFlicker>NENHUM</UserFlicker>
    <UserGlassesUse>NÃO</UserGlassesUse>
    <UserVisionProblems>NENHUM</UserVisionProblems>
    <UserPosture>DE PÉ</UserPosture>
    <UserEyeDominance>DIREITO</UserEyeDominance>
    <StaticFrame>True</StaticFrame>
    <HapticFeedback>False</HapticFeedback>
    <DegreeOfControl>TOTAL</DegreeOfControl>
    <DofSimulation>False</DofSimulation>
    <Locomotion>False</Locomotion>
    <CameraAutoMovement>False</CameraAutoMovement>
    <TimeStamp>5,005496</TimeStamp>
    <CameraFieldOfView>95,63988</CameraFieldOfView>
    <PlayerSpeed>0</PlayerSpeed>
    <PlayerAcceleration>0</PlayerAcceleration>
    <CameraRotationX>-0,05309141</CameraRotationX>
    <CameraRotationY>0,9555538</CameraRotationY>
    <CameraRotationZ>0,01101302</CameraRotationZ>
    <RegionOfInterest>background</RegionOfInterest>
    <GameFps>44</GameFps>
    <DiscomfortLevel>0</DiscomfortLevel>
  </Data>
  <Data TimeStamp="6,006246">
    <UserGenere>feminino</UserGenere>
    <UserAge>18 A 36</UserAge>
    <UserExperience>NENHUMA</UserExperience>
    <UserSymptoms>NENHUM</UserSymptoms>
    <UserFlicker>NENHUM</UserFlicker>
    <UserGlassesUse>NÃO</UserGlassesUse>
    <UserVisionProblems>NENHUM</UserVisionProblems>
    <UserPosture>DE PÉ</UserPosture>
    <UserEyeDominance>DIREITO</UserEyeDominance>
    <StaticFrame>True</StaticFrame>
    <HapticFeedback>False</HapticFeedback>
    <DegreeOfControl>TOTAL</DegreeOfControl>
    <DofSimulation>False</DofSimulation>
    <Locomotion>False</Locomotion>
    <CameraAutoMovement>False</CameraAutoMovement>
    <TimeStamp>6,006246</TimeStamp>
    <CameraFieldOfView>95,63988</CameraFieldOfView>
    <PlayerSpeed>12</PlayerSpeed>
    <PlayerAcceleration>12</PlayerAcceleration>
    <CameraRotationX>-0,05309141</CameraRotationX>
    <CameraRotationY>0,9555538</CameraRotationY>
    <CameraRotationZ>0,01101302</CameraRotationZ>
    <RegionOfInterest>background</RegionOfInterest>
    <GameFps>44</GameFps>
    <DiscomfortLevel>0</DiscomfortLevel>
  </Data>
  <Data TimeStamp="7,004467">
    <UserGenere>feminino</UserGenere>
    <UserAge>18 A 36</UserAge>
    <UserExperience>NENHUMA</UserExperience>
    <UserSymptoms>NENHUM</UserSymptoms>
    <UserFlicker>NENHUM</UserFlicker>
    <UserGlassesUse>NÃO</UserGlassesUse>
    <UserVisionProblems>NENHUM</UserVisionProblems>
    <UserPosture>DE PÉ</UserPosture>
    <UserEyeDominance>DIREITO</UserEyeDominance>
    <StaticFrame>True</StaticFrame>
    <HapticFeedback>False</HapticFeedback>
    <DegreeOfControl>TOTAL</DegreeOfControl>
    <DofSimulation>False</DofSimulation>
    <Locomotion>False</Locomotion>
    <CameraAutoMovement>False</CameraAutoMovement>
    <TimeStamp>7,004467</TimeStamp>
    <CameraFieldOfView>95,63988</CameraFieldOfView>
    <PlayerSpeed>19</PlayerSpeed>
    <PlayerAcceleration>7</PlayerAcceleration>
    <CameraRotationX>-0,05309141</CameraRotationX>
    <CameraRotationY>0,9555538</CameraRotationY>
    <CameraRotationZ>0,01101302</CameraRotationZ>
    <RegionOfInterest>background</RegionOfInterest>
    <GameFps>46</GameFps>
    <DiscomfortLevel>0</DiscomfortLevel>
  </Data>
  <Data TimeStamp="8,003166">
    <UserGenere>feminino</UserGenere>
    <UserAge>18 A 36</UserAge>
    <UserExperience>NENHUMA</UserExperience>
    <UserSymptoms>NENHUM</UserSymptoms>
    <UserFlicker>NENHUM</UserFlicker>
    <UserGlassesUse>NÃO</UserGlassesUse>
    <UserVisionProblems>NENHUM</UserVisionProblems>
    <UserPosture>DE PÉ</UserPosture>
    <UserEyeDominance>DIREITO</UserEyeDominance>
    <StaticFrame>True</StaticFrame>
    <HapticFeedback>False</HapticFeedback>
    <DegreeOfControl>TOTAL</DegreeOfControl>
    <DofSimulation>False</DofSimulation>
    <Locomotion>False</Locomotion>
    <CameraAutoMovement>False</CameraAutoMovement>
    <TimeStamp>8,003166</TimeStamp>
    <CameraFieldOfView>95,63988</CameraFieldOfView>
    <PlayerSpeed>14</PlayerSpeed>
    <PlayerAcceleration>-5</PlayerAcceleration>
    <CameraRotationX>-0,05309141</CameraRotationX>
    <CameraRotationY>0,9555538</CameraRotationY>
    <CameraRotationZ>0,01101302</CameraRotationZ>
    <RegionOfInterest>background</RegionOfInterest>
    <GameFps>44</GameFps>
    <DiscomfortLevel>0</DiscomfortLevel>
  </Data>
  <Data TimeStamp="9,024091">
    <UserGenere>feminino</UserGenere>
    <UserAge>18 A 36</UserAge>
    <UserExperience>NENHUMA</UserExperience>
    <UserSymptoms>NENHUM</UserSymptoms>
    <UserFlicker>NENHUM</UserFlicker>
    <UserGlassesUse>NÃO</UserGlassesUse>
    <UserVisionProblems>NENHUM</UserVisionProblems>
    <UserPosture>DE PÉ</UserPosture>
    <UserEyeDominance>DIREITO</UserEyeDominance>
    <StaticFrame>True</StaticFrame>
    <HapticFeedback>False</HapticFeedback>
    <DegreeOfControl>TOTAL</DegreeOfControl>
    <DofSimulation>False</DofSimulation>
    <Locomotion>False</Locomotion>
    <CameraAutoMovement>False</CameraAutoMovement>
    <TimeStamp>9,024091</TimeStamp>
    <CameraFieldOfView>95,63988</CameraFieldOfView>
    <PlayerSpeed>37</PlayerSpeed>
    <PlayerAcceleration>23</PlayerAcceleration>
    <CameraRotationX>-0,05309141</CameraRotationX>
    <CameraRotationY>0,9555538</CameraRotationY>
    <CameraRotationZ>0,01101302</CameraRotationZ>
    <RegionOfInterest>middleground</RegionOfInterest>
    <GameFps>44</GameFps>
    <DiscomfortLevel>0</DiscomfortLevel>
  </Data>
  <Data TimeStamp="10,00256">
    <UserGenere>feminino</UserGenere>
    <UserAge>18 A 36</UserAge>
    <UserExperience>NENHUMA</UserExperience>
    <UserSymptoms>NENHUM</UserSymptoms>
    <UserFlicker>NENHUM</UserFlicker>
    <UserGlassesUse>NÃO</UserGlassesUse>
    <UserVisionProblems>NENHUM</UserVisionProblems>
    <UserPosture>DE PÉ</UserPosture>
    <UserEyeDominance>DIREITO</UserEyeDominance>
    <StaticFrame>True</StaticFrame>
    <HapticFeedback>False</HapticFeedback>
    <DegreeOfControl>TOTAL</DegreeOfControl>
    <DofSimulation>False</DofSimulation>
    <Locomotion>False</Locomotion>
    <CameraAutoMovement>False</CameraAutoMovement>
    <TimeStamp>10,00256</TimeStamp>
    <CameraFieldOfView>95,63988</CameraFieldOfView>
    <PlayerSpeed>46</PlayerSpeed>
    <PlayerAcceleration>9</PlayerAcceleration>
    <CameraRotationX>-0,05309141</CameraRotationX>
    <CameraRotationY>0,9555538</CameraRotationY>
    <CameraRotationZ>0,01101302</CameraRotationZ>
    <RegionOfInterest>middleground</RegionOfInterest>
    <GameFps>44</GameFps>
    <DiscomfortLevel>0</DiscomfortLevel>
  </Data>
  <Data TimeStamp="11,00548">
    <UserGenere>feminino</UserGenere>
    <UserAge>18 A 36</UserAge>
    <UserExperience>NENHUMA</UserExperience>
    <UserSymptoms>NENHUM</UserSymptoms>
    <UserFlicker>NENHUM</UserFlicker>
    <UserGlassesUse>NÃO</UserGlassesUse>
    <UserVisionProblems>NENHUM</UserVisionProblems>
    <UserPosture>DE PÉ</UserPosture>
    <UserEyeDominance>DIREITO</UserEyeDominance>
    <StaticFrame>True</StaticFrame>
    <HapticFeedback>False</HapticFeedback>
    <DegreeOfControl>TOTAL</DegreeOfControl>
    <DofSimulation>False</DofSimulation>
    <Locomotion>False</Locomotion>
    <CameraAutoMovement>False</CameraAutoMovement>
    <TimeStamp>11,00548</TimeStamp>
    <CameraFieldOfView>95,63988</CameraFieldOfView>
    <PlayerSpeed>58</PlayerSpeed>
    <PlayerAcceleration>12</PlayerAcceleration>
    <CameraRotationX>-0,05309141</CameraRotationX>
    <CameraRotationY>0,9555538</CameraRotationY>
    <CameraRotationZ>0,01101302</CameraRotationZ>
    <RegionOfInterest>middleground</RegionOfInterest>
    <GameFps>44</GameFps>
    <DiscomfortLevel>0</DiscomfortLevel>
  </Data>
  <Data TimeStamp="12,00455">
    <UserGenere>feminino</UserGenere>
    <UserAge>18 A 36</UserAge>
    <UserExperience>NENHUMA</UserExperience>
    <UserSymptoms>NENHUM</UserSymptoms>
    <UserFlicker>NENHUM</UserFlicker>
    <UserGlassesUse>NÃO</UserGlassesUse>
    <UserVisionProblems>NENHUM</UserVisionProblems>
    <UserPosture>DE PÉ</UserPosture>
    <UserEyeDominance>DIREITO</UserEyeDominance>
    <StaticFrame>True</StaticFrame>
    <HapticFeedback>False</HapticFeedback>
    <DegreeOfControl>TOTAL</DegreeOfControl>
    <DofSimulation>False</DofSimulation>
    <Locomotion>False</Locomotion>
    <CameraAutoMovement>False</CameraAutoMovement>
    <TimeStamp>12,00455</TimeStamp>
    <CameraFieldOfView>95,63988</CameraFieldOfView>
    <PlayerSpeed>66</PlayerSpeed>
    <PlayerAcceleration>8</PlayerAcceleration>
    <CameraRotationX>-0,05309141</CameraRotationX>
    <CameraRotationY>0,9555538</CameraRotationY>
    <CameraRotationZ>0,01101302</CameraRotationZ>
    <RegionOfInterest>middleground</RegionOfInterest>
    <GameFps>44</GameFps>
    <DiscomfortLevel>1</DiscomfortLevel>
  </Data>
  <Data TimeStamp="13,00489">
    <UserGenere>feminino</UserGenere>
    <UserAge>18 A 36</UserAge>
    <UserExperience>NENHUMA</UserExperience>
    <UserSymptoms>NENHUM</UserSymptoms>
    <UserFlicker>NENHUM</UserFlicker>
    <UserGlassesUse>NÃO</UserGlassesUse>
    <UserVisionProblems>NENHUM</UserVisionProblems>
    <UserPosture>DE PÉ</UserPosture>
    <UserEyeDominance>DIREITO</UserEyeDominance>
    <StaticFrame>True</StaticFrame>
    <HapticFeedback>False</HapticFeedback>
    <DegreeOfControl>TOTAL</DegreeOfControl>
    <DofSimulation>False</DofSimulation>
    <Locomotion>False</Locomotion>
    <CameraAutoMovement>False</CameraAutoMovement>
    <TimeStamp>13,00489</TimeStamp>
    <CameraFieldOfView>95,63988</CameraFieldOfView>
    <PlayerSpeed>36</PlayerSpeed>
    <PlayerAcceleration>-30</PlayerAcceleration>
    <CameraRotationX>-0,05309141</CameraRotationX>
    <CameraRotationY>0,9555538</CameraRotationY>
    <CameraRotationZ>0,01101302</CameraRotationZ>
    <RegionOfInterest>foreground</RegionOfInterest>
    <GameFps>44</GameFps>
    <DiscomfortLevel>1</DiscomfortLevel>
  </Data>
  <Data TimeStamp="14,00323">
    <UserGenere>feminino</UserGenere>
    <UserAge>18 A 36</UserAge>
    <UserExperience>NENHUMA</UserExperience>
    <UserSymptoms>NENHUM</UserSymptoms>
    <UserFlicker>NENHUM</UserFlicker>
    <UserGlassesUse>NÃO</UserGlassesUse>
    <UserVisionProblems>NENHUM</UserVisionProblems>
    <UserPosture>DE PÉ</UserPosture>
    <UserEyeDominance>DIREITO</UserEyeDominance>
    <StaticFrame>True</StaticFrame>
    <HapticFeedback>False</HapticFeedback>
    <DegreeOfControl>TOTAL</DegreeOfControl>
    <DofSimulation>False</DofSimulation>
    <Locomotion>False</Locomotion>
    <CameraAutoMovement>False</CameraAutoMovement>
    <TimeStamp>14,00323</TimeStamp>
    <CameraFieldOfView>95,63988</CameraFieldOfView>
    <PlayerSpeed>47</PlayerSpeed>
    <PlayerAcceleration>11</PlayerAcceleration>
    <CameraRotationX>-0,05309141</CameraRotationX>
    <CameraRotationY>0,9555538</CameraRotationY>
    <CameraRotationZ>0,01101302</CameraRotationZ>
    <RegionOfInterest>middleground</RegionOfInterest>
    <GameFps>46</GameFps>
    <DiscomfortLevel>1</DiscomfortLevel>
  </Data>
  <Data TimeStamp="15,00421">
    <UserGenere>feminino</UserGenere>
    <UserAge>18 A 36</UserAge>
    <UserExperience>NENHUMA</UserExperience>
    <UserSymptoms>NENHUM</UserSymptoms>
    <UserFlicker>NENHUM</UserFlicker>
    <UserGlassesUse>NÃO</UserGlassesUse>
    <UserVisionProblems>NENHUM</UserVisionProblems>
    <UserPosture>DE PÉ</UserPosture>
    <UserEyeDominance>DIREITO</UserEyeDominance>
    <StaticFrame>True</StaticFrame>
    <HapticFeedback>False</HapticFeedback>
    <DegreeOfControl>TOTAL</DegreeOfControl>
    <DofSimulation>False</DofSimulation>
    <Locomotion>False</Locomotion>
    <CameraAutoMovement>False</CameraAutoMovement>
    <TimeStamp>15,00421</TimeStamp>
    <CameraFieldOfView>95,63988</CameraFieldOfView>
    <PlayerSpeed>64</PlayerSpeed>
    <PlayerAcceleration>17</PlayerAcceleration>
    <CameraRotationX>-0,05309141</CameraRotationX>
    <CameraRotationY>0,9555538</CameraRotationY>
    <CameraRotationZ>0,01101302</CameraRotationZ>
    <RegionOfInterest>middleground</RegionOfInterest>
    <GameFps>46</GameFps>
    <DiscomfortLevel>1</DiscomfortLevel>
  </Data>
  <Data TimeStamp="16,00343">
    <UserGenere>feminino</UserGenere>
    <UserAge>18 A 36</UserAge>
    <UserExperience>NENHUMA</UserExperience>
    <UserSymptoms>NENHUM</UserSymptoms>
    <UserFlicker>NENHUM</UserFlicker>
    <UserGlassesUse>NÃO</UserGlassesUse>
    <UserVisionProblems>NENHUM</UserVisionProblems>
    <UserPosture>DE PÉ</UserPosture>
    <UserEyeDominance>DIREITO</UserEyeDominance>
    <StaticFrame>True</StaticFrame>
    <HapticFeedback>False</HapticFeedback>
    <DegreeOfControl>TOTAL</DegreeOfControl>
    <DofSimulation>False</DofSimulation>
    <Locomotion>False</Locomotion>
    <CameraAutoMovement>False</CameraAutoMovement>
    <TimeStamp>16,00343</TimeStamp>
    <CameraFieldOfView>95,63988</CameraFieldOfView>
    <PlayerSpeed>78</PlayerSpeed>
    <PlayerAcceleration>14</PlayerAcceleration>
    <CameraRotationX>-0,05309141</CameraRotationX>
    <CameraRotationY>0,9555538</CameraRotationY>
    <CameraRotationZ>0,01101302</CameraRotationZ>
    <RegionOfInterest>middleground</RegionOfInterest>
    <GameFps>46</GameFps>
    <DiscomfortLevel>1</DiscomfortLevel>
  </Data>
  <Data TimeStamp="17,00256">
    <UserGenere>feminino</UserGenere>
    <UserAge>18 A 36</UserAge>
    <UserExperience>NENHUMA</UserExperience>
    <UserSymptoms>NENHUM</UserSymptoms>
    <UserFlicker>NENHUM</UserFlicker>
    <UserGlassesUse>NÃO</UserGlassesUse>
    <UserVisionProblems>NENHUM</UserVisionProblems>
    <UserPosture>DE PÉ</UserPosture>
    <UserEyeDominance>DIREITO</UserEyeDominance>
    <StaticFrame>True</StaticFrame>
    <HapticFeedback>False</HapticFeedback>
    <DegreeOfControl>TOTAL</DegreeOfControl>
    <DofSimulation>False</DofSimulation>
    <Locomotion>False</Locomotion>
    <CameraAutoMovement>False</CameraAutoMovement>
    <TimeStamp>17,00256</TimeStamp>
    <CameraFieldOfView>95,63988</CameraFieldOfView>
    <PlayerSpeed>92</PlayerSpeed>
    <PlayerAcceleration>14</PlayerAcceleration>
    <CameraRotationX>-0,05309141</CameraRotationX>
    <CameraRotationY>0,9555538</CameraRotationY>
    <CameraRotationZ>0,01101302</CameraRotationZ>
    <RegionOfInterest>middleground</RegionOfInterest>
    <GameFps>44</GameFps>
    <DiscomfortLevel>1</DiscomfortLevel>
  </Data>
  <Data TimeStamp="18,00334">
    <UserGenere>feminino</UserGenere>
    <UserAge>18 A 36</UserAge>
    <UserExperience>NENHUMA</UserExperience>
    <UserSymptoms>NENHUM</UserSymptoms>
    <UserFlicker>NENHUM</UserFlicker>
    <UserGlassesUse>NÃO</UserGlassesUse>
    <UserVisionProblems>NENHUM</UserVisionProblems>
    <UserPosture>DE PÉ</UserPosture>
    <UserEyeDominance>DIREITO</UserEyeDominance>
    <StaticFrame>True</StaticFrame>
    <HapticFeedback>False</HapticFeedback>
    <DegreeOfControl>TOTAL</DegreeOfControl>
    <DofSimulation>False</DofSimulation>
    <Locomotion>False</Locomotion>
    <CameraAutoMovement>False</CameraAutoMovement>
    <TimeStamp>18,00334</TimeStamp>
    <CameraFieldOfView>95,63988</CameraFieldOfView>
    <PlayerSpeed>85</PlayerSpeed>
    <PlayerAcceleration>-7</PlayerAcceleration>
    <CameraRotationX>-0,05309141</CameraRotationX>
    <CameraRotationY>0,9555538</CameraRotationY>
    <CameraRotationZ>0,01101302</CameraRotationZ>
    <RegionOfInterest>foreground</RegionOfInterest>
    <GameFps>44</GameFps>
    <DiscomfortLevel>1</DiscomfortLevel>
  </Data>
  <Data TimeStamp="19,00218">
    <UserGenere>feminino</UserGenere>
    <UserAge>18 A 36</UserAge>
    <UserExperience>NENHUMA</UserExperience>
    <UserSymptoms>NENHUM</UserSymptoms>
    <UserFlicker>NENHUM</UserFlicker>
    <UserGlassesUse>NÃO</UserGlassesUse>
    <UserVisionProblems>NENHUM</UserVisionProblems>
    <UserPosture>DE PÉ</UserPosture>
    <UserEyeDominance>DIREITO</UserEyeDominance>
    <StaticFrame>True</StaticFrame>
    <HapticFeedback>False</HapticFeedback>
    <DegreeOfControl>TOTAL</DegreeOfControl>
    <DofSimulation>False</DofSimulation>
    <Locomotion>False</Locomotion>
    <CameraAutoMovement>False</CameraAutoMovement>
    <TimeStamp>19,00218</TimeStamp>
    <CameraFieldOfView>95,63988</CameraFieldOfView>
    <PlayerSpeed>94</PlayerSpeed>
    <PlayerAcceleration>9</PlayerAcceleration>
    <CameraRotationX>-0,05309141</CameraRotationX>
    <CameraRotationY>0,9555538</CameraRotationY>
    <CameraRotationZ>0,01101302</CameraRotationZ>
    <RegionOfInterest>foreground</RegionOfInterest>
    <GameFps>44</GameFps>
    <DiscomfortLevel>1</DiscomfortLevel>
  </Data>
  <Data TimeStamp="19,9996">
    <UserGenere>feminino</UserGenere>
    <UserAge>18 A 36</UserAge>
    <UserExperience>NENHUMA</UserExperience>
    <UserSymptoms>NENHUM</UserSymptoms>
    <UserFlicker>NENHUM</UserFlicker>
    <UserGlassesUse>NÃO</UserGlassesUse>
    <UserVisionProblems>NENHUM</UserVisionProblems>
    <UserPosture>DE PÉ</UserPosture>
    <UserEyeDominance>DIREITO</UserEyeDominance>
    <StaticFrame>True</StaticFrame>
    <HapticFeedback>False</HapticFeedback>
    <DegreeOfControl>TOTAL</DegreeOfControl>
    <DofSimulation>False</DofSimulation>
    <Locomotion>False</Locomotion>
    <CameraAutoMovement>False</CameraAutoMovement>
    <TimeStamp>19,9996</TimeStamp>
    <CameraFieldOfView>95,63988</CameraFieldOfView>
    <PlayerSpeed>81</PlayerSpeed>
    <PlayerAcceleration>-13</PlayerAcceleration>
    <CameraRotationX>-0,05309141</CameraRotationX>
    <CameraRotationY>0,9555538</CameraRotationY>
    <CameraRotationZ>0,01101302</CameraRotationZ>
    <RegionOfInterest>middleground</RegionOfInterest>
    <GameFps>44</GameFps>
    <DiscomfortLevel>1</DiscomfortLevel>
  </Data>
  <Data TimeStamp="21,00083">
    <UserGenere>feminino</UserGenere>
    <UserAge>18 A 36</UserAge>
    <UserExperience>NENHUMA</UserExperience>
    <UserSymptoms>NENHUM</UserSymptoms>
    <UserFlicker>NENHUM</UserFlicker>
    <UserGlassesUse>NÃO</UserGlassesUse>
    <UserVisionProblems>NENHUM</UserVisionProblems>
    <UserPosture>DE PÉ</UserPosture>
    <UserEyeDominance>DIREITO</UserEyeDominance>
    <StaticFrame>True</StaticFrame>
    <HapticFeedback>False</HapticFeedback>
    <DegreeOfControl>TOTAL</DegreeOfControl>
    <DofSimulation>False</DofSimulation>
    <Locomotion>False</Locomotion>
    <CameraAutoMovement>False</CameraAutoMovement>
    <TimeStamp>21,00083</TimeStamp>
    <CameraFieldOfView>95,63988</CameraFieldOfView>
    <PlayerSpeed>76</PlayerSpeed>
    <PlayerAcceleration>-5</PlayerAcceleration>
    <CameraRotationX>-0,05309141</CameraRotationX>
    <CameraRotationY>0,9555538</CameraRotationY>
    <CameraRotationZ>0,01101302</CameraRotationZ>
    <RegionOfInterest>foreground</RegionOfInterest>
    <GameFps>44</GameFps>
    <DiscomfortLevel>1</DiscomfortLevel>
  </Data>
  <Data TimeStamp="22,00023">
    <UserGenere>feminino</UserGenere>
    <UserAge>18 A 36</UserAge>
    <UserExperience>NENHUMA</UserExperience>
    <UserSymptoms>NENHUM</UserSymptoms>
    <UserFlicker>NENHUM</UserFlicker>
    <UserGlassesUse>NÃO</UserGlassesUse>
    <UserVisionProblems>NENHUM</UserVisionProblems>
    <UserPosture>DE PÉ</UserPosture>
    <UserEyeDominance>DIREITO</UserEyeDominance>
    <StaticFrame>True</StaticFrame>
    <HapticFeedback>False</HapticFeedback>
    <DegreeOfControl>TOTAL</DegreeOfControl>
    <DofSimulation>False</DofSimulation>
    <Locomotion>False</Locomotion>
    <CameraAutoMovement>False</CameraAutoMovement>
    <TimeStamp>22,00023</TimeStamp>
    <CameraFieldOfView>95,63988</CameraFieldOfView>
    <PlayerSpeed>61</PlayerSpeed>
    <PlayerAcceleration>-15</PlayerAcceleration>
    <CameraRotationX>-0,05309141</CameraRotationX>
    <CameraRotationY>0,9555538</CameraRotationY>
    <CameraRotationZ>0,01101302</CameraRotationZ>
    <RegionOfInterest>foreground</RegionOfInterest>
    <GameFps>44</GameFps>
    <DiscomfortLevel>0</DiscomfortLevel>
  </Data>
  <Data TimeStamp="23,02341">
    <UserGenere>feminino</UserGenere>
    <UserAge>18 A 36</UserAge>
    <UserExperience>NENHUMA</UserExperience>
    <UserSymptoms>NENHUM</UserSymptoms>
    <UserFlicker>NENHUM</UserFlicker>
    <UserGlassesUse>NÃO</UserGlassesUse>
    <UserVisionProblems>NENHUM</UserVisionProblems>
    <UserPosture>DE PÉ</UserPosture>
    <UserEyeDominance>DIREITO</UserEyeDominance>
    <StaticFrame>True</StaticFrame>
    <HapticFeedback>False</HapticFeedback>
    <DegreeOfControl>TOTAL</DegreeOfControl>
    <DofSimulation>False</DofSimulation>
    <Locomotion>False</Locomotion>
    <CameraAutoMovement>False</CameraAutoMovement>
    <TimeStamp>23,02341</TimeStamp>
    <CameraFieldOfView>95,63988</CameraFieldOfView>
    <PlayerSpeed>61</PlayerSpeed>
    <PlayerAcceleration>0</PlayerAcceleration>
    <CameraRotationX>-0,05309141</CameraRotationX>
    <CameraRotationY>0,9555538</CameraRotationY>
    <CameraRotationZ>0,01101302</CameraRotationZ>
    <RegionOfInterest>middleground</RegionOfInterest>
    <GameFps>44</GameFps>
    <DiscomfortLevel>3</DiscomfortLevel>
  </Data>
  <Data TimeStamp="23,99977">
    <UserGenere>feminino</UserGenere>
    <UserAge>18 A 36</UserAge>
    <UserExperience>NENHUMA</UserExperience>
    <UserSymptoms>NENHUM</UserSymptoms>
    <UserFlicker>NENHUM</UserFlicker>
    <UserGlassesUse>NÃO</UserGlassesUse>
    <UserVisionProblems>NENHUM</UserVisionProblems>
    <UserPosture>DE PÉ</UserPosture>
    <UserEyeDominance>DIREITO</UserEyeDominance>
    <StaticFrame>True</StaticFrame>
    <HapticFeedback>False</HapticFeedback>
    <DegreeOfControl>TOTAL</DegreeOfControl>
    <DofSimulation>False</DofSimulation>
    <Locomotion>False</Locomotion>
    <CameraAutoMovement>False</CameraAutoMovement>
    <TimeStamp>23,99977</TimeStamp>
    <CameraFieldOfView>95,63988</CameraFieldOfView>
    <PlayerSpeed>74</PlayerSpeed>
    <PlayerAcceleration>13</PlayerAcceleration>
    <CameraRotationX>-0,05309141</CameraRotationX>
    <CameraRotationY>0,9555538</CameraRotationY>
    <CameraRotationZ>0,01101302</CameraRotationZ>
    <RegionOfInterest>middleground</RegionOfInterest>
    <GameFps>44</GameFps>
    <DiscomfortLevel>3</DiscomfortLevel>
  </Data>
  <Data TimeStamp="25,00319">
    <UserGenere>feminino</UserGenere>
    <UserAge>18 A 36</UserAge>
    <UserExperience>NENHUMA</UserExperience>
    <UserSymptoms>NENHUM</UserSymptoms>
    <UserFlicker>NENHUM</UserFlicker>
    <UserGlassesUse>NÃO</UserGlassesUse>
    <UserVisionProblems>NENHUM</UserVisionProblems>
    <UserPosture>DE PÉ</UserPosture>
    <UserEyeDominance>DIREITO</UserEyeDominance>
    <StaticFrame>True</StaticFrame>
    <HapticFeedback>False</HapticFeedback>
    <DegreeOfControl>TOTAL</DegreeOfControl>
    <DofSimulation>False</DofSimulation>
    <Locomotion>False</Locomotion>
    <CameraAutoMovement>False</CameraAutoMovement>
    <TimeStamp>25,00319</TimeStamp>
    <CameraFieldOfView>95,63988</CameraFieldOfView>
    <PlayerSpeed>88</PlayerSpeed>
    <PlayerAcceleration>14</PlayerAcceleration>
    <CameraRotationX>-0,05309141</CameraRotationX>
    <CameraRotationY>0,9555538</CameraRotationY>
    <CameraRotationZ>0,01101302</CameraRotationZ>
    <RegionOfInterest>middleground</RegionOfInterest>
    <GameFps>46</GameFps>
    <DiscomfortLevel>3</DiscomfortLevel>
  </Data>
  <Data TimeStamp="26,00484">
    <UserGenere>feminino</UserGenere>
    <UserAge>18 A 36</UserAge>
    <UserExperience>NENHUMA</UserExperience>
    <UserSymptoms>NENHUM</UserSymptoms>
    <UserFlicker>NENHUM</UserFlicker>
    <UserGlassesUse>NÃO</UserGlassesUse>
    <UserVisionProblems>NENHUM</UserVisionProblems>
    <UserPosture>DE PÉ</UserPosture>
    <UserEyeDominance>DIREITO</UserEyeDominance>
    <StaticFrame>True</StaticFrame>
    <HapticFeedback>False</HapticFeedback>
    <DegreeOfControl>TOTAL</DegreeOfControl>
    <DofSimulation>False</DofSimulation>
    <Locomotion>False</Locomotion>
    <CameraAutoMovement>False</CameraAutoMovement>
    <TimeStamp>26,00484</TimeStamp>
    <CameraFieldOfView>95,63988</CameraFieldOfView>
    <PlayerSpeed>103</PlayerSpeed>
    <PlayerAcceleration>15</PlayerAcceleration>
    <CameraRotationX>-0,05309141</CameraRotationX>
    <CameraRotationY>0,9555538</CameraRotationY>
    <CameraRotationZ>0,01101302</CameraRotationZ>
    <RegionOfInterest>middleground</RegionOfInterest>
    <GameFps>44</GameFps>
    <DiscomfortLevel>0</DiscomfortLevel>
  </Data>
  <Data TimeStamp="27,00433">
    <UserGenere>feminino</UserGenere>
    <UserAge>18 A 36</UserAge>
    <UserExperience>NENHUMA</UserExperience>
    <UserSymptoms>NENHUM</UserSymptoms>
    <UserFlicker>NENHUM</UserFlicker>
    <UserGlassesUse>NÃO</UserGlassesUse>
    <UserVisionProblems>NENHUM</UserVisionProblems>
    <UserPosture>DE PÉ</UserPosture>
    <UserEyeDominance>DIREITO</UserEyeDominance>
    <StaticFrame>True</StaticFrame>
    <HapticFeedback>False</HapticFeedback>
    <DegreeOfControl>TOTAL</DegreeOfControl>
    <DofSimulation>False</DofSimulation>
    <Locomotion>False</Locomotion>
    <CameraAutoMovement>False</CameraAutoMovement>
    <TimeStamp>27,00433</TimeStamp>
    <CameraFieldOfView>95,63988</CameraFieldOfView>
    <PlayerSpeed>100</PlayerSpeed>
    <PlayerAcceleration>-3</PlayerAcceleration>
    <CameraRotationX>-0,05309141</CameraRotationX>
    <CameraRotationY>0,9555538</CameraRotationY>
    <CameraRotationZ>0,01101302</CameraRotationZ>
    <RegionOfInterest>middleground</RegionOfInterest>
    <GameFps>46</GameFps>
    <DiscomfortLevel>0</DiscomfortLevel>
  </Data>
  <Data TimeStamp="28,00646">
    <UserGenere>feminino</UserGenere>
    <UserAge>18 A 36</UserAge>
    <UserExperience>NENHUMA</UserExperience>
    <UserSymptoms>NENHUM</UserSymptoms>
    <UserFlicker>NENHUM</UserFlicker>
    <UserGlassesUse>NÃO</UserGlassesUse>
    <UserVisionProblems>NENHUM</UserVisionProblems>
    <UserPosture>DE PÉ</UserPosture>
    <UserEyeDominance>DIREITO</UserEyeDominance>
    <StaticFrame>True</StaticFrame>
    <HapticFeedback>False</HapticFeedback>
    <DegreeOfControl>TOTAL</DegreeOfControl>
    <DofSimulation>False</DofSimulation>
    <Locomotion>False</Locomotion>
    <CameraAutoMovement>False</CameraAutoMovement>
    <TimeStamp>28,00646</TimeStamp>
    <CameraFieldOfView>95,63988</CameraFieldOfView>
    <PlayerSpeed>76</PlayerSpeed>
    <PlayerAcceleration>-24</PlayerAcceleration>
    <CameraRotationX>-0,05309141</CameraRotationX>
    <CameraRotationY>0,9555538</CameraRotationY>
    <CameraRotationZ>0,01101302</CameraRotationZ>
    <RegionOfInterest>middleground</RegionOfInterest>
    <GameFps>44</GameFps>
    <DiscomfortLevel>0</DiscomfortLevel>
  </Data>
  <Data TimeStamp="29,00376">
    <UserGenere>feminino</UserGenere>
    <UserAge>18 A 36</UserAge>
    <UserExperience>NENHUMA</UserExperience>
    <UserSymptoms>NENHUM</UserSymptoms>
    <UserFlicker>NENHUM</UserFlicker>
    <UserGlassesUse>NÃO</UserGlassesUse>
    <UserVisionProblems>NENHUM</UserVisionProblems>
    <UserPosture>DE PÉ</UserPosture>
    <UserEyeDominance>DIREITO</UserEyeDominance>
    <StaticFrame>True</StaticFrame>
    <HapticFeedback>False</HapticFeedback>
    <DegreeOfControl>TOTAL</DegreeOfControl>
    <DofSimulation>False</DofSimulation>
    <Locomotion>False</Locomotion>
    <CameraAutoMovement>False</CameraAutoMovement>
    <TimeStamp>29,00376</TimeStamp>
    <CameraFieldOfView>95,63988</CameraFieldOfView>
    <PlayerSpeed>92</PlayerSpeed>
    <PlayerAcceleration>16</PlayerAcceleration>
    <CameraRotationX>-0,05309141</CameraRotationX>
    <CameraRotationY>0,9555538</CameraRotationY>
    <CameraRotationZ>0,01101302</CameraRotationZ>
    <RegionOfInterest>middleground</RegionOfInterest>
    <GameFps>46</GameFps>
    <DiscomfortLevel>0</DiscomfortLevel>
  </Data>
  <Data TimeStamp="30,0041">
    <UserGenere>feminino</UserGenere>
    <UserAge>18 A 36</UserAge>
    <UserExperience>NENHUMA</UserExperience>
    <UserSymptoms>NENHUM</UserSymptoms>
    <UserFlicker>NENHUM</UserFlicker>
    <UserGlassesUse>NÃO</UserGlassesUse>
    <UserVisionProblems>NENHUM</UserVisionProblems>
    <UserPosture>DE PÉ</UserPosture>
    <UserEyeDominance>DIREITO</UserEyeDominance>
    <StaticFrame>True</StaticFrame>
    <HapticFeedback>False</HapticFeedback>
    <DegreeOfControl>TOTAL</DegreeOfControl>
    <DofSimulation>False</DofSimulation>
    <Locomotion>False</Locomotion>
    <CameraAutoMovement>False</CameraAutoMovement>
    <TimeStamp>30,0041</TimeStamp>
    <CameraFieldOfView>95,63988</CameraFieldOfView>
    <PlayerSpeed>104</PlayerSpeed>
    <PlayerAcceleration>12</PlayerAcceleration>
    <CameraRotationX>-0,05309141</CameraRotationX>
    <CameraRotationY>0,9555538</CameraRotationY>
    <CameraRotationZ>0,01101302</CameraRotationZ>
    <RegionOfInterest>middleground</RegionOfInterest>
    <GameFps>46</GameFps>
    <DiscomfortLevel>0</DiscomfortLevel>
  </Data>
  <Data TimeStamp="31,01022">
    <UserGenere>feminino</UserGenere>
    <UserAge>18 A 36</UserAge>
    <UserExperience>NENHUMA</UserExperience>
    <UserSymptoms>NENHUM</UserSymptoms>
    <UserFlicker>NENHUM</UserFlicker>
    <UserGlassesUse>NÃO</UserGlassesUse>
    <UserVisionProblems>NENHUM</UserVisionProblems>
    <UserPosture>DE PÉ</UserPosture>
    <UserEyeDominance>DIREITO</UserEyeDominance>
    <StaticFrame>True</StaticFrame>
    <HapticFeedback>False</HapticFeedback>
    <DegreeOfControl>TOTAL</DegreeOfControl>
    <DofSimulation>False</DofSimulation>
    <Locomotion>False</Locomotion>
    <CameraAutoMovement>False</CameraAutoMovement>
    <TimeStamp>31,01022</TimeStamp>
    <CameraFieldOfView>95,63988</CameraFieldOfView>
    <PlayerSpeed>37</PlayerSpeed>
    <PlayerAcceleration>-67</PlayerAcceleration>
    <CameraRotationX>-0,05309141</CameraRotationX>
    <CameraRotationY>0,9555538</CameraRotationY>
    <CameraRotationZ>0,01101302</CameraRotationZ>
    <RegionOfInterest>foreground</RegionOfInterest>
    <GameFps>44</GameFps>
    <DiscomfortLevel>0</DiscomfortLevel>
  </Data>
  <Data TimeStamp="32,00348">
    <UserGenere>feminino</UserGenere>
    <UserAge>18 A 36</UserAge>
    <UserExperience>NENHUMA</UserExperience>
    <UserSymptoms>NENHUM</UserSymptoms>
    <UserFlicker>NENHUM</UserFlicker>
    <UserGlassesUse>NÃO</UserGlassesUse>
    <UserVisionProblems>NENHUM</UserVisionProblems>
    <UserPosture>DE PÉ</UserPosture>
    <UserEyeDominance>DIREITO</UserEyeDominance>
    <StaticFrame>True</StaticFrame>
    <HapticFeedback>False</HapticFeedback>
    <DegreeOfControl>TOTAL</DegreeOfControl>
    <DofSimulation>False</DofSimulation>
    <Locomotion>False</Locomotion>
    <CameraAutoMovement>False</CameraAutoMovement>
    <TimeStamp>32,00348</TimeStamp>
    <CameraFieldOfView>95,63988</CameraFieldOfView>
    <PlayerSpeed>1</PlayerSpeed>
    <PlayerAcceleration>-36</PlayerAcceleration>
    <CameraRotationX>-0,05309141</CameraRotationX>
    <CameraRotationY>0,9555538</CameraRotationY>
    <CameraRotationZ>0,01101302</CameraRotationZ>
    <RegionOfInterest>foreground</RegionOfInterest>
    <GameFps>44</GameFps>
    <DiscomfortLevel>0</DiscomfortLevel>
  </Data>
  <Data TimeStamp="33,00278">
    <UserGenere>feminino</UserGenere>
    <UserAge>18 A 36</UserAge>
    <UserExperience>NENHUMA</UserExperience>
    <UserSymptoms>NENHUM</UserSymptoms>
    <UserFlicker>NENHUM</UserFlicker>
    <UserGlassesUse>NÃO</UserGlassesUse>
    <UserVisionProblems>NENHUM</UserVisionProblems>
    <UserPosture>DE PÉ</UserPosture>
    <UserEyeDominance>DIREITO</UserEyeDominance>
    <StaticFrame>True</StaticFrame>
    <HapticFeedback>False</HapticFeedback>
    <DegreeOfControl>TOTAL</DegreeOfControl>
    <DofSimulation>False</DofSimulation>
    <Locomotion>False</Locomotion>
    <CameraAutoMovement>False</CameraAutoMovement>
    <TimeStamp>33,00278</TimeStamp>
    <CameraFieldOfView>95,63988</CameraFieldOfView>
    <PlayerSpeed>1</PlayerSpeed>
    <PlayerAcceleration>0</PlayerAcceleration>
    <CameraRotationX>-0,05309141</CameraRotationX>
    <CameraRotationY>0,9555538</CameraRotationY>
    <CameraRotationZ>0,01101302</CameraRotationZ>
    <RegionOfInterest>foreground</RegionOfInterest>
    <GameFps>46</GameFps>
    <DiscomfortLevel>0</DiscomfortLevel>
  </Data>
  <Data TimeStamp="34,00471">
    <UserGenere>feminino</UserGenere>
    <UserAge>18 A 36</UserAge>
    <UserExperience>NENHUMA</UserExperience>
    <UserSymptoms>NENHUM</UserSymptoms>
    <UserFlicker>NENHUM</UserFlicker>
    <UserGlassesUse>NÃO</UserGlassesUse>
    <UserVisionProblems>NENHUM</UserVisionProblems>
    <UserPosture>DE PÉ</UserPosture>
    <UserEyeDominance>DIREITO</UserEyeDominance>
    <StaticFrame>True</StaticFrame>
    <HapticFeedback>False</HapticFeedback>
    <DegreeOfControl>TOTAL</DegreeOfControl>
    <DofSimulation>False</DofSimulation>
    <Locomotion>False</Locomotion>
    <CameraAutoMovement>False</CameraAutoMovement>
    <TimeStamp>34,00471</TimeStamp>
    <CameraFieldOfView>95,63988</CameraFieldOfView>
    <PlayerSpeed>7</PlayerSpeed>
    <PlayerAcceleration>6</PlayerAcceleration>
    <CameraRotationX>-0,05309141</CameraRotationX>
    <CameraRotationY>0,9555538</CameraRotationY>
    <CameraRotationZ>0,01101302</CameraRotationZ>
    <RegionOfInterest>foreground</RegionOfInterest>
    <GameFps>46</GameFps>
    <DiscomfortLevel>0</DiscomfortLevel>
  </Data>
  <Data TimeStamp="35,00175">
    <UserGenere>feminino</UserGenere>
    <UserAge>18 A 36</UserAge>
    <UserExperience>NENHUMA</UserExperience>
    <UserSymptoms>NENHUM</UserSymptoms>
    <UserFlicker>NENHUM</UserFlicker>
    <UserGlassesUse>NÃO</UserGlassesUse>
    <UserVisionProblems>NENHUM</UserVisionProblems>
    <UserPosture>DE PÉ</UserPosture>
    <UserEyeDominance>DIREITO</UserEyeDominance>
    <StaticFrame>True</StaticFrame>
    <HapticFeedback>False</HapticFeedback>
    <DegreeOfControl>TOTAL</DegreeOfControl>
    <DofSimulation>False</DofSimulation>
    <Locomotion>False</Locomotion>
    <CameraAutoMovement>False</CameraAutoMovement>
    <TimeStamp>35,00175</TimeStamp>
    <CameraFieldOfView>95,63988</CameraFieldOfView>
    <PlayerSpeed>24</PlayerSpeed>
    <PlayerAcceleration>17</PlayerAcceleration>
    <CameraRotationX>-0,05309141</CameraRotationX>
    <CameraRotationY>0,9555538</CameraRotationY>
    <CameraRotationZ>0,01101302</CameraRotationZ>
    <RegionOfInterest>foreground</RegionOfInterest>
    <GameFps>44</GameFps>
    <DiscomfortLevel>0</DiscomfortLevel>
  </Data>
  <Data TimeStamp="36,00269">
    <UserGenere>feminino</UserGenere>
    <UserAge>18 A 36</UserAge>
    <UserExperience>NENHUMA</UserExperience>
    <UserSymptoms>NENHUM</UserSymptoms>
    <UserFlicker>NENHUM</UserFlicker>
    <UserGlassesUse>NÃO</UserGlassesUse>
    <UserVisionProblems>NENHUM</UserVisionProblems>
    <UserPosture>DE PÉ</UserPosture>
    <UserEyeDominance>DIREITO</UserEyeDominance>
    <StaticFrame>True</StaticFrame>
    <HapticFeedback>False</HapticFeedback>
    <DegreeOfControl>TOTAL</DegreeOfControl>
    <DofSimulation>False</DofSimulation>
    <Locomotion>False</Locomotion>
    <CameraAutoMovement>False</CameraAutoMovement>
    <TimeStamp>36,00269</TimeStamp>
    <CameraFieldOfView>95,63988</CameraFieldOfView>
    <PlayerSpeed>40</PlayerSpeed>
    <PlayerAcceleration>16</PlayerAcceleration>
    <CameraRotationX>-0,05309141</CameraRotationX>
    <CameraRotationY>0,9555538</CameraRotationY>
    <CameraRotationZ>0,01101302</CameraRotationZ>
    <RegionOfInterest>middleground</RegionOfInterest>
    <GameFps>46</GameFps>
    <DiscomfortLevel>0</DiscomfortLevel>
  </Data>
  <Data TimeStamp="37,00394">
    <UserGenere>feminino</UserGenere>
    <UserAge>18 A 36</UserAge>
    <UserExperience>NENHUMA</UserExperience>
    <UserSymptoms>NENHUM</UserSymptoms>
    <UserFlicker>NENHUM</UserFlicker>
    <UserGlassesUse>NÃO</UserGlassesUse>
    <UserVisionProblems>NENHUM</UserVisionProblems>
    <UserPosture>DE PÉ</UserPosture>
    <UserEyeDominance>DIREITO</UserEyeDominance>
    <StaticFrame>True</StaticFrame>
    <HapticFeedback>False</HapticFeedback>
    <DegreeOfControl>TOTAL</DegreeOfControl>
    <DofSimulation>False</DofSimulation>
    <Locomotion>False</Locomotion>
    <CameraAutoMovement>False</CameraAutoMovement>
    <TimeStamp>37,00394</TimeStamp>
    <CameraFieldOfView>95,63988</CameraFieldOfView>
    <PlayerSpeed>55</PlayerSpeed>
    <PlayerAcceleration>15</PlayerAcceleration>
    <CameraRotationX>-0,05309141</CameraRotationX>
    <CameraRotationY>0,9555538</CameraRotationY>
    <CameraRotationZ>0,01101302</CameraRotationZ>
    <RegionOfInterest>middleground</RegionOfInterest>
    <GameFps>46</GameFps>
    <DiscomfortLevel>0</DiscomfortLevel>
  </Data>
  <Data TimeStamp="38,00645">
    <UserGenere>feminino</UserGenere>
    <UserAge>18 A 36</UserAge>
    <UserExperience>NENHUMA</UserExperience>
    <UserSymptoms>NENHUM</UserSymptoms>
    <UserFlicker>NENHUM</UserFlicker>
    <UserGlassesUse>NÃO</UserGlassesUse>
    <UserVisionProblems>NENHUM</UserVisionProblems>
    <UserPosture>DE PÉ</UserPosture>
    <UserEyeDominance>DIREITO</UserEyeDominance>
    <StaticFrame>True</StaticFrame>
    <HapticFeedback>False</HapticFeedback>
    <DegreeOfControl>TOTAL</DegreeOfControl>
    <DofSimulation>False</DofSimulation>
    <Locomotion>False</Locomotion>
    <CameraAutoMovement>False</CameraAutoMovement>
    <TimeStamp>38,00645</TimeStamp>
    <CameraFieldOfView>95,63988</CameraFieldOfView>
    <PlayerSpeed>69</PlayerSpeed>
    <PlayerAcceleration>14</PlayerAcceleration>
    <CameraRotationX>-0,05309141</CameraRotationX>
    <CameraRotationY>0,9555538</CameraRotationY>
    <CameraRotationZ>0,01101302</CameraRotationZ>
    <RegionOfInterest>middleground</RegionOfInterest>
    <GameFps>44</GameFps>
    <DiscomfortLevel>0</DiscomfortLevel>
  </Data>
  <Data TimeStamp="39,00272">
    <UserGenere>feminino</UserGenere>
    <UserAge>18 A 36</UserAge>
    <UserExperience>NENHUMA</UserExperience>
    <UserSymptoms>NENHUM</UserSymptoms>
    <UserFlicker>NENHUM</UserFlicker>
    <UserGlassesUse>NÃO</UserGlassesUse>
    <UserVisionProblems>NENHUM</UserVisionProblems>
    <UserPosture>DE PÉ</UserPosture>
    <UserEyeDominance>DIREITO</UserEyeDominance>
    <StaticFrame>True</StaticFrame>
    <HapticFeedback>False</HapticFeedback>
    <DegreeOfControl>TOTAL</DegreeOfControl>
    <DofSimulation>False</DofSimulation>
    <Locomotion>False</Locomotion>
    <CameraAutoMovement>False</CameraAutoMovement>
    <TimeStamp>39,00272</TimeStamp>
    <CameraFieldOfView>95,63988</CameraFieldOfView>
    <PlayerSpeed>82</PlayerSpeed>
    <PlayerAcceleration>13</PlayerAcceleration>
    <CameraRotationX>-0,05309141</CameraRotationX>
    <CameraRotationY>0,9555538</CameraRotationY>
    <CameraRotationZ>0,01101302</CameraRotationZ>
    <RegionOfInterest>middleground</RegionOfInterest>
    <GameFps>46</GameFps>
    <DiscomfortLevel>1</DiscomfortLevel>
  </Data>
  <Data TimeStamp="40,00346">
    <UserGenere>feminino</UserGenere>
    <UserAge>18 A 36</UserAge>
    <UserExperience>NENHUMA</UserExperience>
    <UserSymptoms>NENHUM</UserSymptoms>
    <UserFlicker>NENHUM</UserFlicker>
    <UserGlassesUse>NÃO</UserGlassesUse>
    <UserVisionProblems>NENHUM</UserVisionProblems>
    <UserPosture>DE PÉ</UserPosture>
    <UserEyeDominance>DIREITO</UserEyeDominance>
    <StaticFrame>True</StaticFrame>
    <HapticFeedback>False</HapticFeedback>
    <DegreeOfControl>TOTAL</DegreeOfControl>
    <DofSimulation>False</DofSimulation>
    <Locomotion>False</Locomotion>
    <CameraAutoMovement>False</CameraAutoMovement>
    <TimeStamp>40,00346</TimeStamp>
    <CameraFieldOfView>95,63988</CameraFieldOfView>
    <PlayerSpeed>96</PlayerSpeed>
    <PlayerAcceleration>14</PlayerAcceleration>
    <CameraRotationX>-0,05309141</CameraRotationX>
    <CameraRotationY>0,9555538</CameraRotationY>
    <CameraRotationZ>0,01101302</CameraRotationZ>
    <RegionOfInterest>middleground</RegionOfInterest>
    <GameFps>46</GameFps>
    <DiscomfortLevel>1</DiscomfortLevel>
  </Data>
  <Data TimeStamp="41,00552">
    <UserGenere>feminino</UserGenere>
    <UserAge>18 A 36</UserAge>
    <UserExperience>NENHUMA</UserExperience>
    <UserSymptoms>NENHUM</UserSymptoms>
    <UserFlicker>NENHUM</UserFlicker>
    <UserGlassesUse>NÃO</UserGlassesUse>
    <UserVisionProblems>NENHUM</UserVisionProblems>
    <UserPosture>DE PÉ</UserPosture>
    <UserEyeDominance>DIREITO</UserEyeDominance>
    <StaticFrame>True</StaticFrame>
    <HapticFeedback>False</HapticFeedback>
    <DegreeOfControl>TOTAL</DegreeOfControl>
    <DofSimulation>False</DofSimulation>
    <Locomotion>False</Locomotion>
    <CameraAutoMovement>False</CameraAutoMovement>
    <TimeStamp>41,00552</TimeStamp>
    <CameraFieldOfView>95,63988</CameraFieldOfView>
    <PlayerSpeed>106</PlayerSpeed>
    <PlayerAcceleration>10</PlayerAcceleration>
    <CameraRotationX>-0,05309141</CameraRotationX>
    <CameraRotationY>0,9555538</CameraRotationY>
    <CameraRotationZ>0,01101302</CameraRotationZ>
    <RegionOfInterest>background</RegionOfInterest>
    <GameFps>44</GameFps>
    <DiscomfortLevel>1</DiscomfortLevel>
  </Data>
  <Data TimeStamp="42,00372">
    <UserGenere>feminino</UserGenere>
    <UserAge>18 A 36</UserAge>
    <UserExperience>NENHUMA</UserExperience>
    <UserSymptoms>NENHUM</UserSymptoms>
    <UserFlicker>NENHUM</UserFlicker>
    <UserGlassesUse>NÃO</UserGlassesUse>
    <UserVisionProblems>NENHUM</UserVisionProblems>
    <UserPosture>DE PÉ</UserPosture>
    <UserEyeDominance>DIREITO</UserEyeDominance>
    <StaticFrame>True</StaticFrame>
    <HapticFeedback>False</HapticFeedback>
    <DegreeOfControl>TOTAL</DegreeOfControl>
    <DofSimulation>False</DofSimulation>
    <Locomotion>False</Locomotion>
    <CameraAutoMovement>False</CameraAutoMovement>
    <TimeStamp>42,00372</TimeStamp>
    <CameraFieldOfView>95,63988</CameraFieldOfView>
    <PlayerSpeed>89</PlayerSpeed>
    <PlayerAcceleration>-17</PlayerAcceleration>
    <CameraRotationX>-0,05309141</CameraRotationX>
    <CameraRotationY>0,9555538</CameraRotationY>
    <CameraRotationZ>0,01101302</CameraRotationZ>
    <RegionOfInterest>middleground</RegionOfInterest>
    <GameFps>46</GameFps>
    <DiscomfortLevel>1</DiscomfortLevel>
  </Data>
  <Data TimeStamp="43,00669">
    <UserGenere>feminino</UserGenere>
    <UserAge>18 A 36</UserAge>
    <UserExperience>NENHUMA</UserExperience>
    <UserSymptoms>NENHUM</UserSymptoms>
    <UserFlicker>NENHUM</UserFlicker>
    <UserGlassesUse>NÃO</UserGlassesUse>
    <UserVisionProblems>NENHUM</UserVisionProblems>
    <UserPosture>DE PÉ</UserPosture>
    <UserEyeDominance>DIREITO</UserEyeDominance>
    <StaticFrame>True</StaticFrame>
    <HapticFeedback>False</HapticFeedback>
    <DegreeOfControl>TOTAL</DegreeOfControl>
    <DofSimulation>False</DofSimulation>
    <Locomotion>False</Locomotion>
    <CameraAutoMovement>False</CameraAutoMovement>
    <TimeStamp>43,00669</TimeStamp>
    <CameraFieldOfView>95,63988</CameraFieldOfView>
    <PlayerSpeed>61</PlayerSpeed>
    <PlayerAcceleration>-28</PlayerAcceleration>
    <CameraRotationX>-0,05309141</CameraRotationX>
    <CameraRotationY>0,9555538</CameraRotationY>
    <CameraRotationZ>0,01101302</CameraRotationZ>
    <RegionOfInterest>middleground</RegionOfInterest>
    <GameFps>46</GameFps>
    <DiscomfortLevel>1</DiscomfortLevel>
  </Data>
  <Data TimeStamp="44,00932">
    <UserGenere>feminino</UserGenere>
    <UserAge>18 A 36</UserAge>
    <UserExperience>NENHUMA</UserExperience>
    <UserSymptoms>NENHUM</UserSymptoms>
    <UserFlicker>NENHUM</UserFlicker>
    <UserGlassesUse>NÃO</UserGlassesUse>
    <UserVisionProblems>NENHUM</UserVisionProblems>
    <UserPosture>DE PÉ</UserPosture>
    <UserEyeDominance>DIREITO</UserEyeDominance>
    <StaticFrame>True</StaticFrame>
    <HapticFeedback>False</HapticFeedback>
    <DegreeOfControl>TOTAL</DegreeOfControl>
    <DofSimulation>False</DofSimulation>
    <Locomotion>False</Locomotion>
    <CameraAutoMovement>False</CameraAutoMovement>
    <TimeStamp>44,00932</TimeStamp>
    <CameraFieldOfView>95,63988</CameraFieldOfView>
    <PlayerSpeed>27</PlayerSpeed>
    <PlayerAcceleration>-34</PlayerAcceleration>
    <CameraRotationX>-0,05309141</CameraRotationX>
    <CameraRotationY>0,9555538</CameraRotationY>
    <CameraRotationZ>0,01101302</CameraRotationZ>
    <RegionOfInterest>background</RegionOfInterest>
    <GameFps>44</GameFps>
    <DiscomfortLevel>0</DiscomfortLevel>
  </Data>
  <Data TimeStamp="45,00732">
    <UserGenere>feminino</UserGenere>
    <UserAge>18 A 36</UserAge>
    <UserExperience>NENHUMA</UserExperience>
    <UserSymptoms>NENHUM</UserSymptoms>
    <UserFlicker>NENHUM</UserFlicker>
    <UserGlassesUse>NÃO</UserGlassesUse>
    <UserVisionProblems>NENHUM</UserVisionProblems>
    <UserPosture>DE PÉ</UserPosture>
    <UserEyeDominance>DIREITO</UserEyeDominance>
    <StaticFrame>True</StaticFrame>
    <HapticFeedback>False</HapticFeedback>
    <DegreeOfControl>TOTAL</DegreeOfControl>
    <DofSimulation>False</DofSimulation>
    <Locomotion>False</Locomotion>
    <CameraAutoMovement>False</CameraAutoMovement>
    <TimeStamp>45,00732</TimeStamp>
    <CameraFieldOfView>95,63988</CameraFieldOfView>
    <PlayerSpeed>28</PlayerSpeed>
    <PlayerAcceleration>1</PlayerAcceleration>
    <CameraRotationX>-0,05309141</CameraRotationX>
    <CameraRotationY>0,9555538</CameraRotationY>
    <CameraRotationZ>0,01101302</CameraRotationZ>
    <RegionOfInterest>middleground</RegionOfInterest>
    <GameFps>46</GameFps>
    <DiscomfortLevel>0</DiscomfortLevel>
  </Data>
  <Data TimeStamp="46,00596">
    <UserGenere>feminino</UserGenere>
    <UserAge>18 A 36</UserAge>
    <UserExperience>NENHUMA</UserExperience>
    <UserSymptoms>NENHUM</UserSymptoms>
    <UserFlicker>NENHUM</UserFlicker>
    <UserGlassesUse>NÃO</UserGlassesUse>
    <UserVisionProblems>NENHUM</UserVisionProblems>
    <UserPosture>DE PÉ</UserPosture>
    <UserEyeDominance>DIREITO</UserEyeDominance>
    <StaticFrame>True</StaticFrame>
    <HapticFeedback>False</HapticFeedback>
    <DegreeOfControl>TOTAL</DegreeOfControl>
    <DofSimulation>False</DofSimulation>
    <Locomotion>False</Locomotion>
    <CameraAutoMovement>False</CameraAutoMovement>
    <TimeStamp>46,00596</TimeStamp>
    <CameraFieldOfView>95,63988</CameraFieldOfView>
    <PlayerSpeed>46</PlayerSpeed>
    <PlayerAcceleration>18</PlayerAcceleration>
    <CameraRotationX>-0,05309141</CameraRotationX>
    <CameraRotationY>0,9555538</CameraRotationY>
    <CameraRotationZ>0,01101302</CameraRotationZ>
    <RegionOfInterest>middleground</RegionOfInterest>
    <GameFps>46</GameFps>
    <DiscomfortLevel>0</DiscomfortLevel>
  </Data>
  <Data TimeStamp="47,00777">
    <UserGenere>feminino</UserGenere>
    <UserAge>18 A 36</UserAge>
    <UserExperience>NENHUMA</UserExperience>
    <UserSymptoms>NENHUM</UserSymptoms>
    <UserFlicker>NENHUM</UserFlicker>
    <UserGlassesUse>NÃO</UserGlassesUse>
    <UserVisionProblems>NENHUM</UserVisionProblems>
    <UserPosture>DE PÉ</UserPosture>
    <UserEyeDominance>DIREITO</UserEyeDominance>
    <StaticFrame>True</StaticFrame>
    <HapticFeedback>False</HapticFeedback>
    <DegreeOfControl>TOTAL</DegreeOfControl>
    <DofSimulation>False</DofSimulation>
    <Locomotion>False</Locomotion>
    <CameraAutoMovement>False</CameraAutoMovement>
    <TimeStamp>47,00777</TimeStamp>
    <CameraFieldOfView>95,63988</CameraFieldOfView>
    <PlayerSpeed>63</PlayerSpeed>
    <PlayerAcceleration>17</PlayerAcceleration>
    <CameraRotationX>-0,05309141</CameraRotationX>
    <CameraRotationY>0,9555538</CameraRotationY>
    <CameraRotationZ>0,01101302</CameraRotationZ>
    <RegionOfInterest>middleground</RegionOfInterest>
    <GameFps>44</GameFps>
    <DiscomfortLevel>0</DiscomfortLevel>
  </Data>
  <Data TimeStamp="48,00453">
    <UserGenere>feminino</UserGenere>
    <UserAge>18 A 36</UserAge>
    <UserExperience>NENHUMA</UserExperience>
    <UserSymptoms>NENHUM</UserSymptoms>
    <UserFlicker>NENHUM</UserFlicker>
    <UserGlassesUse>NÃO</UserGlassesUse>
    <UserVisionProblems>NENHUM</UserVisionProblems>
    <UserPosture>DE PÉ</UserPosture>
    <UserEyeDominance>DIREITO</UserEyeDominance>
    <StaticFrame>True</StaticFrame>
    <HapticFeedback>False</HapticFeedback>
    <DegreeOfControl>TOTAL</DegreeOfControl>
    <DofSimulation>False</DofSimulation>
    <Locomotion>False</Locomotion>
    <CameraAutoMovement>False</CameraAutoMovement>
    <TimeStamp>48,00453</TimeStamp>
    <CameraFieldOfView>95,63988</CameraFieldOfView>
    <PlayerSpeed>80</PlayerSpeed>
    <PlayerAcceleration>17</PlayerAcceleration>
    <CameraRotationX>-0,05309141</CameraRotationX>
    <CameraRotationY>0,9555538</CameraRotationY>
    <CameraRotationZ>0,01101302</CameraRotationZ>
    <RegionOfInterest>background</RegionOfInterest>
    <GameFps>44</GameFps>
    <DiscomfortLevel>0</DiscomfortLevel>
  </Data>
  <Data TimeStamp="49,00456">
    <UserGenere>feminino</UserGenere>
    <UserAge>18 A 36</UserAge>
    <UserExperience>NENHUMA</UserExperience>
    <UserSymptoms>NENHUM</UserSymptoms>
    <UserFlicker>NENHUM</UserFlicker>
    <UserGlassesUse>NÃO</UserGlassesUse>
    <UserVisionProblems>NENHUM</UserVisionProblems>
    <UserPosture>DE PÉ</UserPosture>
    <UserEyeDominance>DIREITO</UserEyeDominance>
    <StaticFrame>True</StaticFrame>
    <HapticFeedback>False</HapticFeedback>
    <DegreeOfControl>TOTAL</DegreeOfControl>
    <DofSimulation>False</DofSimulation>
    <Locomotion>False</Locomotion>
    <CameraAutoMovement>False</CameraAutoMovement>
    <TimeStamp>49,00456</TimeStamp>
    <CameraFieldOfView>95,63988</CameraFieldOfView>
    <PlayerSpeed>58</PlayerSpeed>
    <PlayerAcceleration>-22</PlayerAcceleration>
    <CameraRotationX>-0,05309141</CameraRotationX>
    <CameraRotationY>0,9555538</CameraRotationY>
    <CameraRotationZ>0,01101302</CameraRotationZ>
    <RegionOfInterest>middleground</RegionOfInterest>
    <GameFps>46</GameFps>
    <DiscomfortLevel>0</DiscomfortLevel>
  </Data>
  <Data TimeStamp="50,00435">
    <UserGenere>feminino</UserGenere>
    <UserAge>18 A 36</UserAge>
    <UserExperience>NENHUMA</UserExperience>
    <UserSymptoms>NENHUM</UserSymptoms>
    <UserFlicker>NENHUM</UserFlicker>
    <UserGlassesUse>NÃO</UserGlassesUse>
    <UserVisionProblems>NENHUM</UserVisionProblems>
    <UserPosture>DE PÉ</UserPosture>
    <UserEyeDominance>DIREITO</UserEyeDominance>
    <StaticFrame>True</StaticFrame>
    <HapticFeedback>False</HapticFeedback>
    <DegreeOfControl>TOTAL</DegreeOfControl>
    <DofSimulation>False</DofSimulation>
    <Locomotion>False</Locomotion>
    <CameraAutoMovement>False</CameraAutoMovement>
    <TimeStamp>50,00435</TimeStamp>
    <CameraFieldOfView>95,63988</CameraFieldOfView>
    <PlayerSpeed>79</PlayerSpeed>
    <PlayerAcceleration>21</PlayerAcceleration>
    <CameraRotationX>-0,05309141</CameraRotationX>
    <CameraRotationY>0,9555538</CameraRotationY>
    <CameraRotationZ>0,01101302</CameraRotationZ>
    <RegionOfInterest>middleground</RegionOfInterest>
    <GameFps>44</GameFps>
    <DiscomfortLevel>0</DiscomfortLevel>
  </Data>
  <Data TimeStamp="51,00509">
    <UserGenere>feminino</UserGenere>
    <UserAge>18 A 36</UserAge>
    <UserExperience>NENHUMA</UserExperience>
    <UserSymptoms>NENHUM</UserSymptoms>
    <UserFlicker>NENHUM</UserFlicker>
    <UserGlassesUse>NÃO</UserGlassesUse>
    <UserVisionProblems>NENHUM</UserVisionProblems>
    <UserPosture>DE PÉ</UserPosture>
    <UserEyeDominance>DIREITO</UserEyeDominance>
    <StaticFrame>True</StaticFrame>
    <HapticFeedback>False</HapticFeedback>
    <DegreeOfControl>TOTAL</DegreeOfControl>
    <DofSimulation>False</DofSimulation>
    <Locomotion>False</Locomotion>
    <CameraAutoMovement>False</CameraAutoMovement>
    <TimeStamp>51,00509</TimeStamp>
    <CameraFieldOfView>95,63988</CameraFieldOfView>
    <PlayerSpeed>65</PlayerSpeed>
    <PlayerAcceleration>-14</PlayerAcceleration>
    <CameraRotationX>-0,05309141</CameraRotationX>
    <CameraRotationY>0,9555538</CameraRotationY>
    <CameraRotationZ>0,01101302</CameraRotationZ>
    <RegionOfInterest>middleground</RegionOfInterest>
    <GameFps>44</GameFps>
    <DiscomfortLevel>0</DiscomfortLevel>
  </Data>
  <Data TimeStamp="52,0047">
    <UserGenere>feminino</UserGenere>
    <UserAge>18 A 36</UserAge>
    <UserExperience>NENHUMA</UserExperience>
    <UserSymptoms>NENHUM</UserSymptoms>
    <UserFlicker>NENHUM</UserFlicker>
    <UserGlassesUse>NÃO</UserGlassesUse>
    <UserVisionProblems>NENHUM</UserVisionProblems>
    <UserPosture>DE PÉ</UserPosture>
    <UserEyeDominance>DIREITO</UserEyeDominance>
    <StaticFrame>True</StaticFrame>
    <HapticFeedback>False</HapticFeedback>
    <DegreeOfControl>TOTAL</DegreeOfControl>
    <DofSimulation>False</DofSimulation>
    <Locomotion>False</Locomotion>
    <CameraAutoMovement>False</CameraAutoMovement>
    <TimeStamp>52,0047</TimeStamp>
    <CameraFieldOfView>95,63988</CameraFieldOfView>
    <PlayerSpeed>56</PlayerSpeed>
    <PlayerAcceleration>-9</PlayerAcceleration>
    <CameraRotationX>-0,05309141</CameraRotationX>
    <CameraRotationY>0,9555538</CameraRotationY>
    <CameraRotationZ>0,01101302</CameraRotationZ>
    <RegionOfInterest>middleground</RegionOfInterest>
    <GameFps>44</GameFps>
    <DiscomfortLevel>0</DiscomfortLevel>
  </Data>
  <Data TimeStamp="53,0053">
    <UserGenere>feminino</UserGenere>
    <UserAge>18 A 36</UserAge>
    <UserExperience>NENHUMA</UserExperience>
    <UserSymptoms>NENHUM</UserSymptoms>
    <UserFlicker>NENHUM</UserFlicker>
    <UserGlassesUse>NÃO</UserGlassesUse>
    <UserVisionProblems>NENHUM</UserVisionProblems>
    <UserPosture>DE PÉ</UserPosture>
    <UserEyeDominance>DIREITO</UserEyeDominance>
    <StaticFrame>True</StaticFrame>
    <HapticFeedback>False</HapticFeedback>
    <DegreeOfControl>TOTAL</DegreeOfControl>
    <DofSimulation>False</DofSimulation>
    <Locomotion>False</Locomotion>
    <CameraAutoMovement>False</CameraAutoMovement>
    <TimeStamp>53,0053</TimeStamp>
    <CameraFieldOfView>95,63988</CameraFieldOfView>
    <PlayerSpeed>46</PlayerSpeed>
    <PlayerAcceleration>-10</PlayerAcceleration>
    <CameraRotationX>-0,05309141</CameraRotationX>
    <CameraRotationY>0,9555538</CameraRotationY>
    <CameraRotationZ>0,01101302</CameraRotationZ>
    <RegionOfInterest>middleground</RegionOfInterest>
    <GameFps>44</GameFps>
    <DiscomfortLevel>0</DiscomfortLevel>
  </Data>
  <Data TimeStamp="54,00483">
    <UserGenere>feminino</UserGenere>
    <UserAge>18 A 36</UserAge>
    <UserExperience>NENHUMA</UserExperience>
    <UserSymptoms>NENHUM</UserSymptoms>
    <UserFlicker>NENHUM</UserFlicker>
    <UserGlassesUse>NÃO</UserGlassesUse>
    <UserVisionProblems>NENHUM</UserVisionProblems>
    <UserPosture>DE PÉ</UserPosture>
    <UserEyeDominance>DIREITO</UserEyeDominance>
    <StaticFrame>True</StaticFrame>
    <HapticFeedback>False</HapticFeedback>
    <DegreeOfControl>TOTAL</DegreeOfControl>
    <DofSimulation>False</DofSimulation>
    <Locomotion>False</Locomotion>
    <CameraAutoMovement>False</CameraAutoMovement>
    <TimeStamp>54,00483</TimeStamp>
    <CameraFieldOfView>95,63988</CameraFieldOfView>
    <PlayerSpeed>62</PlayerSpeed>
    <PlayerAcceleration>16</PlayerAcceleration>
    <CameraRotationX>-0,05309141</CameraRotationX>
    <CameraRotationY>0,9555538</CameraRotationY>
    <CameraRotationZ>0,01101302</CameraRotationZ>
    <RegionOfInterest>middleground</RegionOfInterest>
    <GameFps>46</GameFps>
    <DiscomfortLevel>0</DiscomfortLevel>
  </Data>
  <Data TimeStamp="55,00425">
    <UserGenere>feminino</UserGenere>
    <UserAge>18 A 36</UserAge>
    <UserExperience>NENHUMA</UserExperience>
    <UserSymptoms>NENHUM</UserSymptoms>
    <UserFlicker>NENHUM</UserFlicker>
    <UserGlassesUse>NÃO</UserGlassesUse>
    <UserVisionProblems>NENHUM</UserVisionProblems>
    <UserPosture>DE PÉ</UserPosture>
    <UserEyeDominance>DIREITO</UserEyeDominance>
    <StaticFrame>True</StaticFrame>
    <HapticFeedback>False</HapticFeedback>
    <DegreeOfControl>TOTAL</DegreeOfControl>
    <DofSimulation>False</DofSimulation>
    <Locomotion>False</Locomotion>
    <CameraAutoMovement>False</CameraAutoMovement>
    <TimeStamp>55,00425</TimeStamp>
    <CameraFieldOfView>95,63988</CameraFieldOfView>
    <PlayerSpeed>68</PlayerSpeed>
    <PlayerAcceleration>6</PlayerAcceleration>
    <CameraRotationX>-0,05309141</CameraRotationX>
    <CameraRotationY>0,9555538</CameraRotationY>
    <CameraRotationZ>0,01101302</CameraRotationZ>
    <RegionOfInterest>middleground</RegionOfInterest>
    <GameFps>46</GameFps>
    <DiscomfortLevel>0</DiscomfortLevel>
  </Data>
  <Data TimeStamp="56,00451">
    <UserGenere>feminino</UserGenere>
    <UserAge>18 A 36</UserAge>
    <UserExperience>NENHUMA</UserExperience>
    <UserSymptoms>NENHUM</UserSymptoms>
    <UserFlicker>NENHUM</UserFlicker>
    <UserGlassesUse>NÃO</UserGlassesUse>
    <UserVisionProblems>NENHUM</UserVisionProblems>
    <UserPosture>DE PÉ</UserPosture>
    <UserEyeDominance>DIREITO</UserEyeDominance>
    <StaticFrame>True</StaticFrame>
    <HapticFeedback>False</HapticFeedback>
    <DegreeOfControl>TOTAL</DegreeOfControl>
    <DofSimulation>False</DofSimulation>
    <Locomotion>False</Locomotion>
    <CameraAutoMovement>False</CameraAutoMovement>
    <TimeStamp>56,00451</TimeStamp>
    <CameraFieldOfView>95,63988</CameraFieldOfView>
    <PlayerSpeed>67</PlayerSpeed>
    <PlayerAcceleration>-1</PlayerAcceleration>
    <CameraRotationX>-0,05309141</CameraRotationX>
    <CameraRotationY>0,9555538</CameraRotationY>
    <CameraRotationZ>0,01101302</CameraRotationZ>
    <RegionOfInterest>middleground</RegionOfInterest>
    <GameFps>46</GameFps>
    <DiscomfortLevel>0</DiscomfortLevel>
  </Data>
  <Data TimeStamp="57,00709">
    <UserGenere>feminino</UserGenere>
    <UserAge>18 A 36</UserAge>
    <UserExperience>NENHUMA</UserExperience>
    <UserSymptoms>NENHUM</UserSymptoms>
    <UserFlicker>NENHUM</UserFlicker>
    <UserGlassesUse>NÃO</UserGlassesUse>
    <UserVisionProblems>NENHUM</UserVisionProblems>
    <UserPosture>DE PÉ</UserPosture>
    <UserEyeDominance>DIREITO</UserEyeDominance>
    <StaticFrame>True</StaticFrame>
    <HapticFeedback>False</HapticFeedback>
    <DegreeOfControl>TOTAL</DegreeOfControl>
    <DofSimulation>False</DofSimulation>
    <Locomotion>False</Locomotion>
    <CameraAutoMovement>False</CameraAutoMovement>
    <TimeStamp>57,00709</TimeStamp>
    <CameraFieldOfView>95,63988</CameraFieldOfView>
    <PlayerSpeed>47</PlayerSpeed>
    <PlayerAcceleration>-20</PlayerAcceleration>
    <CameraRotationX>-0,05309141</CameraRotationX>
    <CameraRotationY>0,9555538</CameraRotationY>
    <CameraRotationZ>0,01101302</CameraRotationZ>
    <RegionOfInterest>middleground</RegionOfInterest>
    <GameFps>46</GameFps>
    <DiscomfortLevel>0</DiscomfortLevel>
  </Data>
  <Data TimeStamp="58,00546">
    <UserGenere>feminino</UserGenere>
    <UserAge>18 A 36</UserAge>
    <UserExperience>NENHUMA</UserExperience>
    <UserSymptoms>NENHUM</UserSymptoms>
    <UserFlicker>NENHUM</UserFlicker>
    <UserGlassesUse>NÃO</UserGlassesUse>
    <UserVisionProblems>NENHUM</UserVisionProblems>
    <UserPosture>DE PÉ</UserPosture>
    <UserEyeDominance>DIREITO</UserEyeDominance>
    <StaticFrame>True</StaticFrame>
    <HapticFeedback>False</HapticFeedback>
    <DegreeOfControl>TOTAL</DegreeOfControl>
    <DofSimulation>False</DofSimulation>
    <Locomotion>False</Locomotion>
    <CameraAutoMovement>False</CameraAutoMovement>
    <TimeStamp>58,00546</TimeStamp>
    <CameraFieldOfView>95,63988</CameraFieldOfView>
    <PlayerSpeed>19</PlayerSpeed>
    <PlayerAcceleration>-28</PlayerAcceleration>
    <CameraRotationX>-0,05309141</CameraRotationX>
    <CameraRotationY>0,9555538</CameraRotationY>
    <CameraRotationZ>0,01101302</CameraRotationZ>
    <RegionOfInterest>foreground</RegionOfInterest>
    <GameFps>46</GameFps>
    <DiscomfortLevel>0</DiscomfortLevel>
  </Data>
  <Data TimeStamp="59,00363">
    <UserGenere>feminino</UserGenere>
    <UserAge>18 A 36</UserAge>
    <UserExperience>NENHUMA</UserExperience>
    <UserSymptoms>NENHUM</UserSymptoms>
    <UserFlicker>NENHUM</UserFlicker>
    <UserGlassesUse>NÃO</UserGlassesUse>
    <UserVisionProblems>NENHUM</UserVisionProblems>
    <UserPosture>DE PÉ</UserPosture>
    <UserEyeDominance>DIREITO</UserEyeDominance>
    <StaticFrame>True</StaticFrame>
    <HapticFeedback>False</HapticFeedback>
    <DegreeOfControl>TOTAL</DegreeOfControl>
    <DofSimulation>False</DofSimulation>
    <Locomotion>False</Locomotion>
    <CameraAutoMovement>False</CameraAutoMovement>
    <TimeStamp>59,00363</TimeStamp>
    <CameraFieldOfView>95,63988</CameraFieldOfView>
    <PlayerSpeed>7</PlayerSpeed>
    <PlayerAcceleration>-12</PlayerAcceleration>
    <CameraRotationX>-0,05309141</CameraRotationX>
    <CameraRotationY>0,9555538</CameraRotationY>
    <CameraRotationZ>0,01101302</CameraRotationZ>
    <RegionOfInterest>foreground</RegionOfInterest>
    <GameFps>46</GameFps>
    <DiscomfortLevel>0</DiscomfortLevel>
  </Data>
  <Data TimeStamp="60,00373">
    <UserGenere>feminino</UserGenere>
    <UserAge>18 A 36</UserAge>
    <UserExperience>NENHUMA</UserExperience>
    <UserSymptoms>NENHUM</UserSymptoms>
    <UserFlicker>NENHUM</UserFlicker>
    <UserGlassesUse>NÃO</UserGlassesUse>
    <UserVisionProblems>NENHUM</UserVisionProblems>
    <UserPosture>DE PÉ</UserPosture>
    <UserEyeDominance>DIREITO</UserEyeDominance>
    <StaticFrame>True</StaticFrame>
    <HapticFeedback>False</HapticFeedback>
    <DegreeOfControl>TOTAL</DegreeOfControl>
    <DofSimulation>False</DofSimulation>
    <Locomotion>False</Locomotion>
    <CameraAutoMovement>False</CameraAutoMovement>
    <TimeStamp>60,00373</TimeStamp>
    <CameraFieldOfView>95,63988</CameraFieldOfView>
    <PlayerSpeed>0</PlayerSpeed>
    <PlayerAcceleration>-7</PlayerAcceleration>
    <CameraRotationX>-0,05309141</CameraRotationX>
    <CameraRotationY>0,9555538</CameraRotationY>
    <CameraRotationZ>0,01101302</CameraRotationZ>
    <RegionOfInterest>foreground</RegionOfInterest>
    <GameFps>46</GameFps>
    <DiscomfortLevel>0</DiscomfortLevel>
  </Data>
  <Data TimeStamp="61,00276">
    <UserGenere>feminino</UserGenere>
    <UserAge>18 A 36</UserAge>
    <UserExperience>NENHUMA</UserExperience>
    <UserSymptoms>NENHUM</UserSymptoms>
    <UserFlicker>NENHUM</UserFlicker>
    <UserGlassesUse>NÃO</UserGlassesUse>
    <UserVisionProblems>NENHUM</UserVisionProblems>
    <UserPosture>DE PÉ</UserPosture>
    <UserEyeDominance>DIREITO</UserEyeDominance>
    <StaticFrame>True</StaticFrame>
    <HapticFeedback>False</HapticFeedback>
    <DegreeOfControl>TOTAL</DegreeOfControl>
    <DofSimulation>False</DofSimulation>
    <Locomotion>False</Locomotion>
    <CameraAutoMovement>False</CameraAutoMovement>
    <TimeStamp>61,00276</TimeStamp>
    <CameraFieldOfView>95,63988</CameraFieldOfView>
    <PlayerSpeed>0</PlayerSpeed>
    <PlayerAcceleration>0</PlayerAcceleration>
    <CameraRotationX>-0,05309141</CameraRotationX>
    <CameraRotationY>0,9555538</CameraRotationY>
    <CameraRotationZ>0,01101302</CameraRotationZ>
    <RegionOfInterest>foreground</RegionOfInterest>
    <GameFps>46</GameFps>
    <DiscomfortLevel>0</DiscomfortLevel>
  </Data>
  <Data TimeStamp="62,00328">
    <UserGenere>feminino</UserGenere>
    <UserAge>18 A 36</UserAge>
    <UserExperience>NENHUMA</UserExperience>
    <UserSymptoms>NENHUM</UserSymptoms>
    <UserFlicker>NENHUM</UserFlicker>
    <UserGlassesUse>NÃO</UserGlassesUse>
    <UserVisionProblems>NENHUM</UserVisionProblems>
    <UserPosture>DE PÉ</UserPosture>
    <UserEyeDominance>DIREITO</UserEyeDominance>
    <StaticFrame>True</StaticFrame>
    <HapticFeedback>False</HapticFeedback>
    <DegreeOfControl>TOTAL</DegreeOfControl>
    <DofSimulation>False</DofSimulation>
    <Locomotion>False</Locomotion>
    <CameraAutoMovement>False</CameraAutoMovement>
    <TimeStamp>62,00328</TimeStamp>
    <CameraFieldOfView>95,63988</CameraFieldOfView>
    <PlayerSpeed>0</PlayerSpeed>
    <PlayerAcceleration>0</PlayerAcceleration>
    <CameraRotationX>-0,05309141</CameraRotationX>
    <CameraRotationY>0,9555538</CameraRotationY>
    <CameraRotationZ>0,01101302</CameraRotationZ>
    <RegionOfInterest>foreground</RegionOfInterest>
    <GameFps>46</GameFps>
    <DiscomfortLevel>0</DiscomfortLevel>
  </Data>
  <Data TimeStamp="63,00471">
    <UserGenere>feminino</UserGenere>
    <UserAge>18 A 36</UserAge>
    <UserExperience>NENHUMA</UserExperience>
    <UserSymptoms>NENHUM</UserSymptoms>
    <UserFlicker>NENHUM</UserFlicker>
    <UserGlassesUse>NÃO</UserGlassesUse>
    <UserVisionProblems>NENHUM</UserVisionProblems>
    <UserPosture>DE PÉ</UserPosture>
    <UserEyeDominance>DIREITO</UserEyeDominance>
    <StaticFrame>True</StaticFrame>
    <HapticFeedback>False</HapticFeedback>
    <DegreeOfControl>TOTAL</DegreeOfControl>
    <DofSimulation>False</DofSimulation>
    <Locomotion>False</Locomotion>
    <CameraAutoMovement>False</CameraAutoMovement>
    <TimeStamp>63,00471</TimeStamp>
    <CameraFieldOfView>95,63988</CameraFieldOfView>
    <PlayerSpeed>0</PlayerSpeed>
    <PlayerAcceleration>0</PlayerAcceleration>
    <CameraRotationX>-0,05309141</CameraRotationX>
    <CameraRotationY>0,9555538</CameraRotationY>
    <CameraRotationZ>0,01101302</CameraRotationZ>
    <RegionOfInterest>foreground</RegionOfInterest>
    <GameFps>46</GameFps>
    <DiscomfortLevel>3</DiscomfortLevel>
  </Data>
  <Data TimeStamp="64,0033">
    <UserGenere>feminino</UserGenere>
    <UserAge>18 A 36</UserAge>
    <UserExperience>NENHUMA</UserExperience>
    <UserSymptoms>NENHUM</UserSymptoms>
    <UserFlicker>NENHUM</UserFlicker>
    <UserGlassesUse>NÃO</UserGlassesUse>
    <UserVisionProblems>NENHUM</UserVisionProblems>
    <UserPosture>DE PÉ</UserPosture>
    <UserEyeDominance>DIREITO</UserEyeDominance>
    <StaticFrame>True</StaticFrame>
    <HapticFeedback>False</HapticFeedback>
    <DegreeOfControl>TOTAL</DegreeOfControl>
    <DofSimulation>False</DofSimulation>
    <Locomotion>False</Locomotion>
    <CameraAutoMovement>False</CameraAutoMovement>
    <TimeStamp>64,0033</TimeStamp>
    <CameraFieldOfView>95,63988</CameraFieldOfView>
    <PlayerSpeed>0</PlayerSpeed>
    <PlayerAcceleration>0</PlayerAcceleration>
    <CameraRotationX>-0,05309141</CameraRotationX>
    <CameraRotationY>0,9555538</CameraRotationY>
    <CameraRotationZ>0,01101302</CameraRotationZ>
    <RegionOfInterest>foreground</RegionOfInterest>
    <GameFps>46</GameFps>
    <DiscomfortLevel>3</DiscomfortLevel>
  </Data>
  <Data TimeStamp="65,00455">
    <UserGenere>feminino</UserGenere>
    <UserAge>18 A 36</UserAge>
    <UserExperience>NENHUMA</UserExperience>
    <UserSymptoms>NENHUM</UserSymptoms>
    <UserFlicker>NENHUM</UserFlicker>
    <UserGlassesUse>NÃO</UserGlassesUse>
    <UserVisionProblems>NENHUM</UserVisionProblems>
    <UserPosture>DE PÉ</UserPosture>
    <UserEyeDominance>DIREITO</UserEyeDominance>
    <StaticFrame>True</StaticFrame>
    <HapticFeedback>False</HapticFeedback>
    <DegreeOfControl>TOTAL</DegreeOfControl>
    <DofSimulation>False</DofSimulation>
    <Locomotion>False</Locomotion>
    <CameraAutoMovement>False</CameraAutoMovement>
    <TimeStamp>65,00455</TimeStamp>
    <CameraFieldOfView>95,63988</CameraFieldOfView>
    <PlayerSpeed>0</PlayerSpeed>
    <PlayerAcceleration>0</PlayerAcceleration>
    <CameraRotationX>-0,05309141</CameraRotationX>
    <CameraRotationY>0,9555538</CameraRotationY>
    <CameraRotationZ>0,01101302</CameraRotationZ>
    <RegionOfInterest>foreground</RegionOfInterest>
    <GameFps>46</GameFps>
    <DiscomfortLevel>3</DiscomfortLevel>
  </Data>
  <Data TimeStamp="66,00273">
    <UserGenere>feminino</UserGenere>
    <UserAge>18 A 36</UserAge>
    <UserExperience>NENHUMA</UserExperience>
    <UserSymptoms>NENHUM</UserSymptoms>
    <UserFlicker>NENHUM</UserFlicker>
    <UserGlassesUse>NÃO</UserGlassesUse>
    <UserVisionProblems>NENHUM</UserVisionProblems>
    <UserPosture>DE PÉ</UserPosture>
    <UserEyeDominance>DIREITO</UserEyeDominance>
    <StaticFrame>True</StaticFrame>
    <HapticFeedback>False</HapticFeedback>
    <DegreeOfControl>TOTAL</DegreeOfControl>
    <DofSimulation>False</DofSimulation>
    <Locomotion>False</Locomotion>
    <CameraAutoMovement>False</CameraAutoMovement>
    <TimeStamp>66,00273</TimeStamp>
    <CameraFieldOfView>95,63988</CameraFieldOfView>
    <PlayerSpeed>0</PlayerSpeed>
    <PlayerAcceleration>0</PlayerAcceleration>
    <CameraRotationX>-0,05309141</CameraRotationX>
    <CameraRotationY>0,9555538</CameraRotationY>
    <CameraRotationZ>0,01101302</CameraRotationZ>
    <RegionOfInterest>foreground</RegionOfInterest>
    <GameFps>46</GameFps>
    <DiscomfortLevel>3</DiscomfortLevel>
  </Data>
</USERDATA>