﻿<?xml version="1.0" encoding="UTF-8"?>
<USERDATA>
  <Data TimeStamp="0">
    <UserGenere>masculino</UserGenere>
    <UserAge>18 A 36</UserAge>
    <UserExperience>NENHUMA</UserExperience>
    <UserSymptoms>NENHUM</UserSymptoms>
    <UserFlicker>NENHUM</UserFlicker>
    <UserGlassesUse>NÃO</UserGlassesUse>
    <UserVisionProblems>NENHUM</UserVisionProblems>
    <UserPosture>DE PÉ</UserPosture>
    <UserEyeDominance>ESQUERDO</UserEyeDominance>
    <StaticFrame>False</StaticFrame>
    <HapticFeedback>False</HapticFeedback>
    <DegreeOfControl>total</DegreeOfControl>
    <DofSimulation>False</DofSimulation>
    <Locomotion>False</Locomotion>
    <CameraAutoMovement>True</CameraAutoMovement>
    <TimeStamp>0</TimeStamp>
    <CameraFieldOfView>60</CameraFieldOfView>
    <PlayerSpeed>10</PlayerSpeed>
    <PlayerAcceleration>10</PlayerAcceleration>
    <CameraRotationX>0</CameraRotationX>
    <CameraRotationY>0</CameraRotationY>
    <CameraRotationZ>0</CameraRotationZ>
    <RegionOfInterest>foreground</RegionOfInterest>
    <GameFps>0</GameFps>
    <DiscomfortLevel>0</DiscomfortLevel>
  </Data>
  <Data TimeStamp="1,027642">
    <UserGenere>masculino</UserGenere>
    <UserAge>18 A 36</UserAge>
    <UserExperience>NENHUMA</UserExperience>
    <UserSymptoms>NENHUM</UserSymptoms>
    <UserFlicker>NENHUM</UserFlicker>
    <UserGlassesUse>NÃO</UserGlassesUse>
    <UserVisionProblems>NENHUM</UserVisionProblems>
    <UserPosture>DE PÉ</UserPosture>
    <UserEyeDominance>ESQUERDO</UserEyeDominance>
    <StaticFrame>False</StaticFrame>
    <HapticFeedback>False</HapticFeedback>
    <DegreeOfControl>total</DegreeOfControl>
    <DofSimulation>False</DofSimulation>
    <Locomotion>False</Locomotion>
    <CameraAutoMovement>True</CameraAutoMovement>
    <TimeStamp>1,027642</TimeStamp>
    <CameraFieldOfView>60</CameraFieldOfView>
    <PlayerSpeed>10</PlayerSpeed>
    <PlayerAcceleration>0</PlayerAcceleration>
    <CameraRotationX>0</CameraRotationX>
    <CameraRotationY>0</CameraRotationY>
    <CameraRotationZ>0</CameraRotationZ>
    <RegionOfInterest>background</RegionOfInterest>
    <GameFps>32</GameFps>
    <DiscomfortLevel>0</DiscomfortLevel>
  </Data>
  <Data TimeStamp="2,025748">
    <UserGenere>masculino</UserGenere>
    <UserAge>18 A 36</UserAge>
    <UserExperience>NENHUMA</UserExperience>
    <UserSymptoms>NENHUM</UserSymptoms>
    <UserFlicker>NENHUM</UserFlicker>
    <UserGlassesUse>NÃO</UserGlassesUse>
    <UserVisionProblems>NENHUM</UserVisionProblems>
    <UserPosture>DE PÉ</UserPosture>
    <UserEyeDominance>ESQUERDO</UserEyeDominance>
    <StaticFrame>False</StaticFrame>
    <HapticFeedback>False</HapticFeedback>
    <DegreeOfControl>total</DegreeOfControl>
    <DofSimulation>False</DofSimulation>
    <Locomotion>False</Locomotion>
    <CameraAutoMovement>True</CameraAutoMovement>
    <TimeStamp>2,025748</TimeStamp>
    <CameraFieldOfView>60</CameraFieldOfView>
    <PlayerSpeed>10</PlayerSpeed>
    <PlayerAcceleration>0</PlayerAcceleration>
    <CameraRotationX>0</CameraRotationX>
    <CameraRotationY>0</CameraRotationY>
    <CameraRotationZ>0</CameraRotationZ>
    <RegionOfInterest>middleground</RegionOfInterest>
    <GameFps>30</GameFps>
    <DiscomfortLevel>0</DiscomfortLevel>
  </Data>
  <Data TimeStamp="3,025335">
    <UserGenere>masculino</UserGenere>
    <UserAge>18 A 36</UserAge>
    <UserExperience>NENHUMA</UserExperience>
    <UserSymptoms>NENHUM</UserSymptoms>
    <UserFlicker>NENHUM</UserFlicker>
    <UserGlassesUse>NÃO</UserGlassesUse>
    <UserVisionProblems>NENHUM</UserVisionProblems>
    <UserPosture>DE PÉ</UserPosture>
    <UserEyeDominance>ESQUERDO</UserEyeDominance>
    <StaticFrame>False</StaticFrame>
    <HapticFeedback>False</HapticFeedback>
    <DegreeOfControl>total</DegreeOfControl>
    <DofSimulation>False</DofSimulation>
    <Locomotion>False</Locomotion>
    <CameraAutoMovement>True</CameraAutoMovement>
    <TimeStamp>3,025335</TimeStamp>
    <CameraFieldOfView>60</CameraFieldOfView>
    <PlayerSpeed>10</PlayerSpeed>
    <PlayerAcceleration>0</PlayerAcceleration>
    <CameraRotationX>0</CameraRotationX>
    <CameraRotationY>0</CameraRotationY>
    <CameraRotationZ>0</CameraRotationZ>
    <RegionOfInterest>foreground</RegionOfInterest>
    <GameFps>32</GameFps>
    <DiscomfortLevel>0</DiscomfortLevel>
  </Data>
  <Data TimeStamp="4,025104">
    <UserGenere>masculino</UserGenere>
    <UserAge>18 A 36</UserAge>
    <UserExperience>NENHUMA</UserExperience>
    <UserSymptoms>NENHUM</UserSymptoms>
    <UserFlicker>NENHUM</UserFlicker>
    <UserGlassesUse>NÃO</UserGlassesUse>
    <UserVisionProblems>NENHUM</UserVisionProblems>
    <UserPosture>DE PÉ</UserPosture>
    <UserEyeDominance>ESQUERDO</UserEyeDominance>
    <StaticFrame>False</StaticFrame>
    <HapticFeedback>False</HapticFeedback>
    <DegreeOfControl>total</DegreeOfControl>
    <DofSimulation>False</DofSimulation>
    <Locomotion>False</Locomotion>
    <CameraAutoMovement>True</CameraAutoMovement>
    <TimeStamp>4,025104</TimeStamp>
    <CameraFieldOfView>60</CameraFieldOfView>
    <PlayerSpeed>15</PlayerSpeed>
    <PlayerAcceleration>5</PlayerAcceleration>
    <CameraRotationX>0</CameraRotationX>
    <CameraRotationY>0</CameraRotationY>
    <CameraRotationZ>0</CameraRotationZ>
    <RegionOfInterest>background</RegionOfInterest>
    <GameFps>30</GameFps>
    <DiscomfortLevel>0</DiscomfortLevel>
  </Data>
  <Data TimeStamp="5,024964">
    <UserGenere>masculino</UserGenere>
    <UserAge>18 A 36</UserAge>
    <UserExperience>NENHUMA</UserExperience>
    <UserSymptoms>NENHUM</UserSymptoms>
    <UserFlicker>NENHUM</UserFlicker>
    <UserGlassesUse>NÃO</UserGlassesUse>
    <UserVisionProblems>NENHUM</UserVisionProblems>
    <UserPosture>DE PÉ</UserPosture>
    <UserEyeDominance>ESQUERDO</UserEyeDominance>
    <StaticFrame>False</StaticFrame>
    <HapticFeedback>False</HapticFeedback>
    <DegreeOfControl>total</DegreeOfControl>
    <DofSimulation>False</DofSimulation>
    <Locomotion>False</Locomotion>
    <CameraAutoMovement>True</CameraAutoMovement>
    <TimeStamp>5,024964</TimeStamp>
    <CameraFieldOfView>60</CameraFieldOfView>
    <PlayerSpeed>15</PlayerSpeed>
    <PlayerAcceleration>0</PlayerAcceleration>
    <CameraRotationX>0</CameraRotationX>
    <CameraRotationY>0</CameraRotationY>
    <CameraRotationZ>0</CameraRotationZ>
    <RegionOfInterest>background</RegionOfInterest>
    <GameFps>30</GameFps>
    <DiscomfortLevel>0</DiscomfortLevel>
  </Data>
  <Data TimeStamp="6,024429">
    <UserGenere>masculino</UserGenere>
    <UserAge>18 A 36</UserAge>
    <UserExperience>NENHUMA</UserExperience>
    <UserSymptoms>NENHUM</UserSymptoms>
    <UserFlicker>NENHUM</UserFlicker>
    <UserGlassesUse>NÃO</UserGlassesUse>
    <UserVisionProblems>NENHUM</UserVisionProblems>
    <UserPosture>DE PÉ</UserPosture>
    <UserEyeDominance>ESQUERDO</UserEyeDominance>
    <StaticFrame>False</StaticFrame>
    <HapticFeedback>False</HapticFeedback>
    <DegreeOfControl>total</DegreeOfControl>
    <DofSimulation>False</DofSimulation>
    <Locomotion>False</Locomotion>
    <CameraAutoMovement>True</CameraAutoMovement>
    <TimeStamp>6,024429</TimeStamp>
    <CameraFieldOfView>60</CameraFieldOfView>
    <PlayerSpeed>15</PlayerSpeed>
    <PlayerAcceleration>0</PlayerAcceleration>
    <CameraRotationX>0</CameraRotationX>
    <CameraRotationY>0</CameraRotationY>
    <CameraRotationZ>0</CameraRotationZ>
    <RegionOfInterest>background</RegionOfInterest>
    <GameFps>32</GameFps>
    <DiscomfortLevel>0</DiscomfortLevel>
  </Data>
  <Data TimeStamp="7,024861">
    <UserGenere>masculino</UserGenere>
    <UserAge>18 A 36</UserAge>
    <UserExperience>NENHUMA</UserExperience>
    <UserSymptoms>NENHUM</UserSymptoms>
    <UserFlicker>NENHUM</UserFlicker>
    <UserGlassesUse>NÃO</UserGlassesUse>
    <UserVisionProblems>NENHUM</UserVisionProblems>
    <UserPosture>DE PÉ</UserPosture>
    <UserEyeDominance>ESQUERDO</UserEyeDominance>
    <StaticFrame>False</StaticFrame>
    <HapticFeedback>False</HapticFeedback>
    <DegreeOfControl>total</DegreeOfControl>
    <DofSimulation>False</DofSimulation>
    <Locomotion>False</Locomotion>
    <CameraAutoMovement>True</CameraAutoMovement>
    <TimeStamp>7,024861</TimeStamp>
    <CameraFieldOfView>60</CameraFieldOfView>
    <PlayerSpeed>15</PlayerSpeed>
    <PlayerAcceleration>0</PlayerAcceleration>
    <CameraRotationX>0</CameraRotationX>
    <CameraRotationY>0</CameraRotationY>
    <CameraRotationZ>0</CameraRotationZ>
    <RegionOfInterest>background</RegionOfInterest>
    <GameFps>32</GameFps>
    <DiscomfortLevel>0</DiscomfortLevel>
  </Data>
  <Data TimeStamp="8,024392">
    <UserGenere>masculino</UserGenere>
    <UserAge>18 A 36</UserAge>
    <UserExperience>NENHUMA</UserExperience>
    <UserSymptoms>NENHUM</UserSymptoms>
    <UserFlicker>NENHUM</UserFlicker>
    <UserGlassesUse>NÃO</UserGlassesUse>
    <UserVisionProblems>NENHUM</UserVisionProblems>
    <UserPosture>DE PÉ</UserPosture>
    <UserEyeDominance>ESQUERDO</UserEyeDominance>
    <StaticFrame>False</StaticFrame>
    <HapticFeedback>False</HapticFeedback>
    <DegreeOfControl>total</DegreeOfControl>
    <DofSimulation>False</DofSimulation>
    <Locomotion>False</Locomotion>
    <CameraAutoMovement>True</CameraAutoMovement>
    <TimeStamp>8,024392</TimeStamp>
    <CameraFieldOfView>60</CameraFieldOfView>
    <PlayerSpeed>15</PlayerSpeed>
    <PlayerAcceleration>0</PlayerAcceleration>
    <CameraRotationX>0</CameraRotationX>
    <CameraRotationY>0</CameraRotationY>
    <CameraRotationZ>0</CameraRotationZ>
    <RegionOfInterest>background</RegionOfInterest>
    <GameFps>30</GameFps>
    <DiscomfortLevel>0</DiscomfortLevel>
  </Data>
  <Data TimeStamp="9,008427">
    <UserGenere>masculino</UserGenere>
    <UserAge>18 A 36</UserAge>
    <UserExperience>NENHUMA</UserExperience>
    <UserSymptoms>NENHUM</UserSymptoms>
    <UserFlicker>NENHUM</UserFlicker>
    <UserGlassesUse>NÃO</UserGlassesUse>
    <UserVisionProblems>NENHUM</UserVisionProblems>
    <UserPosture>DE PÉ</UserPosture>
    <UserEyeDominance>ESQUERDO</UserEyeDominance>
    <StaticFrame>False</StaticFrame>
    <HapticFeedback>False</HapticFeedback>
    <DegreeOfControl>total</DegreeOfControl>
    <DofSimulation>False</DofSimulation>
    <Locomotion>False</Locomotion>
    <CameraAutoMovement>True</CameraAutoMovement>
    <TimeStamp>9,008427</TimeStamp>
    <CameraFieldOfView>60</CameraFieldOfView>
    <PlayerSpeed>15</PlayerSpeed>
    <PlayerAcceleration>0</PlayerAcceleration>
    <CameraRotationX>0</CameraRotationX>
    <CameraRotationY>0</CameraRotationY>
    <CameraRotationZ>0</CameraRotationZ>
    <RegionOfInterest>background</RegionOfInterest>
    <GameFps>34</GameFps>
    <DiscomfortLevel>0</DiscomfortLevel>
  </Data>
  <Data TimeStamp="10,00733">
    <UserGenere>masculino</UserGenere>
    <UserAge>18 A 36</UserAge>
    <UserExperience>NENHUMA</UserExperience>
    <UserSymptoms>NENHUM</UserSymptoms>
    <UserFlicker>NENHUM</UserFlicker>
    <UserGlassesUse>NÃO</UserGlassesUse>
    <UserVisionProblems>NENHUM</UserVisionProblems>
    <UserPosture>DE PÉ</UserPosture>
    <UserEyeDominance>ESQUERDO</UserEyeDominance>
    <StaticFrame>False</StaticFrame>
    <HapticFeedback>False</HapticFeedback>
    <DegreeOfControl>total</DegreeOfControl>
    <DofSimulation>False</DofSimulation>
    <Locomotion>False</Locomotion>
    <CameraAutoMovement>True</CameraAutoMovement>
    <TimeStamp>10,00733</TimeStamp>
    <CameraFieldOfView>60</CameraFieldOfView>
    <PlayerSpeed>15</PlayerSpeed>
    <PlayerAcceleration>0</PlayerAcceleration>
    <CameraRotationX>0</CameraRotationX>
    <CameraRotationY>0</CameraRotationY>
    <CameraRotationZ>0</CameraRotationZ>
    <RegionOfInterest>background</RegionOfInterest>
    <GameFps>34</GameFps>
    <DiscomfortLevel>0</DiscomfortLevel>
  </Data>
  <Data TimeStamp="11,00644">
    <UserGenere>masculino</UserGenere>
    <UserAge>18 A 36</UserAge>
    <UserExperience>NENHUMA</UserExperience>
    <UserSymptoms>NENHUM</UserSymptoms>
    <UserFlicker>NENHUM</UserFlicker>
    <UserGlassesUse>NÃO</UserGlassesUse>
    <UserVisionProblems>NENHUM</UserVisionProblems>
    <UserPosture>DE PÉ</UserPosture>
    <UserEyeDominance>ESQUERDO</UserEyeDominance>
    <StaticFrame>False</StaticFrame>
    <HapticFeedback>False</HapticFeedback>
    <DegreeOfControl>total</DegreeOfControl>
    <DofSimulation>False</DofSimulation>
    <Locomotion>False</Locomotion>
    <CameraAutoMovement>True</CameraAutoMovement>
    <TimeStamp>11,00644</TimeStamp>
    <CameraFieldOfView>60</CameraFieldOfView>
    <PlayerSpeed>15</PlayerSpeed>
    <PlayerAcceleration>0</PlayerAcceleration>
    <CameraRotationX>0</CameraRotationX>
    <CameraRotationY>0</CameraRotationY>
    <CameraRotationZ>0</CameraRotationZ>
    <RegionOfInterest>background</RegionOfInterest>
    <GameFps>32</GameFps>
    <DiscomfortLevel>0</DiscomfortLevel>
  </Data>
  <Data TimeStamp="12,00607">
    <UserGenere>masculino</UserGenere>
    <UserAge>18 A 36</UserAge>
    <UserExperience>NENHUMA</UserExperience>
    <UserSymptoms>NENHUM</UserSymptoms>
    <UserFlicker>NENHUM</UserFlicker>
    <UserGlassesUse>NÃO</UserGlassesUse>
    <UserVisionProblems>NENHUM</UserVisionProblems>
    <UserPosture>DE PÉ</UserPosture>
    <UserEyeDominance>ESQUERDO</UserEyeDominance>
    <StaticFrame>False</StaticFrame>
    <HapticFeedback>False</HapticFeedback>
    <DegreeOfControl>total</DegreeOfControl>
    <DofSimulation>False</DofSimulation>
    <Locomotion>False</Locomotion>
    <CameraAutoMovement>True</CameraAutoMovement>
    <TimeStamp>12,00607</TimeStamp>
    <CameraFieldOfView>60</CameraFieldOfView>
    <PlayerSpeed>15</PlayerSpeed>
    <PlayerAcceleration>0</PlayerAcceleration>
    <CameraRotationX>0</CameraRotationX>
    <CameraRotationY>0</CameraRotationY>
    <CameraRotationZ>0</CameraRotationZ>
    <RegionOfInterest>background</RegionOfInterest>
    <GameFps>30</GameFps>
    <DiscomfortLevel>0</DiscomfortLevel>
  </Data>
  <Data TimeStamp="13,006">
    <UserGenere>masculino</UserGenere>
    <UserAge>18 A 36</UserAge>
    <UserExperience>NENHUMA</UserExperience>
    <UserSymptoms>NENHUM</UserSymptoms>
    <UserFlicker>NENHUM</UserFlicker>
    <UserGlassesUse>NÃO</UserGlassesUse>
    <UserVisionProblems>NENHUM</UserVisionProblems>
    <UserPosture>DE PÉ</UserPosture>
    <UserEyeDominance>ESQUERDO</UserEyeDominance>
    <StaticFrame>False</StaticFrame>
    <HapticFeedback>False</HapticFeedback>
    <DegreeOfControl>total</DegreeOfControl>
    <DofSimulation>False</DofSimulation>
    <Locomotion>False</Locomotion>
    <CameraAutoMovement>True</CameraAutoMovement>
    <TimeStamp>13,006</TimeStamp>
    <CameraFieldOfView>60</CameraFieldOfView>
    <PlayerSpeed>15</PlayerSpeed>
    <PlayerAcceleration>0</PlayerAcceleration>
    <CameraRotationX>0</CameraRotationX>
    <CameraRotationY>0</CameraRotationY>
    <CameraRotationZ>0</CameraRotationZ>
    <RegionOfInterest>background</RegionOfInterest>
    <GameFps>34</GameFps>
    <DiscomfortLevel>0</DiscomfortLevel>
  </Data>
  <Data TimeStamp="14,00577">
    <UserGenere>masculino</UserGenere>
    <UserAge>18 A 36</UserAge>
    <UserExperience>NENHUMA</UserExperience>
    <UserSymptoms>NENHUM</UserSymptoms>
    <UserFlicker>NENHUM</UserFlicker>
    <UserGlassesUse>NÃO</UserGlassesUse>
    <UserVisionProblems>NENHUM</UserVisionProblems>
    <UserPosture>DE PÉ</UserPosture>
    <UserEyeDominance>ESQUERDO</UserEyeDominance>
    <StaticFrame>False</StaticFrame>
    <HapticFeedback>False</HapticFeedback>
    <DegreeOfControl>total</DegreeOfControl>
    <DofSimulation>False</DofSimulation>
    <Locomotion>False</Locomotion>
    <CameraAutoMovement>True</CameraAutoMovement>
    <TimeStamp>14,00577</TimeStamp>
    <CameraFieldOfView>60</CameraFieldOfView>
    <PlayerSpeed>15</PlayerSpeed>
    <PlayerAcceleration>0</PlayerAcceleration>
    <CameraRotationX>0</CameraRotationX>
    <CameraRotationY>0</CameraRotationY>
    <CameraRotationZ>0</CameraRotationZ>
    <RegionOfInterest>background</RegionOfInterest>
    <GameFps>30</GameFps>
    <DiscomfortLevel>0</DiscomfortLevel>
  </Data>
  <Data TimeStamp="15,00611">
    <UserGenere>masculino</UserGenere>
    <UserAge>18 A 36</UserAge>
    <UserExperience>NENHUMA</UserExperience>
    <UserSymptoms>NENHUM</UserSymptoms>
    <UserFlicker>NENHUM</UserFlicker>
    <UserGlassesUse>NÃO</UserGlassesUse>
    <UserVisionProblems>NENHUM</UserVisionProblems>
    <UserPosture>DE PÉ</UserPosture>
    <UserEyeDominance>ESQUERDO</UserEyeDominance>
    <StaticFrame>False</StaticFrame>
    <HapticFeedback>False</HapticFeedback>
    <DegreeOfControl>total</DegreeOfControl>
    <DofSimulation>False</DofSimulation>
    <Locomotion>False</Locomotion>
    <CameraAutoMovement>True</CameraAutoMovement>
    <TimeStamp>15,00611</TimeStamp>
    <CameraFieldOfView>60</CameraFieldOfView>
    <PlayerSpeed>15</PlayerSpeed>
    <PlayerAcceleration>0</PlayerAcceleration>
    <CameraRotationX>0</CameraRotationX>
    <CameraRotationY>0</CameraRotationY>
    <CameraRotationZ>0</CameraRotationZ>
    <RegionOfInterest>background</RegionOfInterest>
    <GameFps>36</GameFps>
    <DiscomfortLevel>0</DiscomfortLevel>
  </Data>
  <Data TimeStamp="16,00654">
    <UserGenere>masculino</UserGenere>
    <UserAge>18 A 36</UserAge>
    <UserExperience>NENHUMA</UserExperience>
    <UserSymptoms>NENHUM</UserSymptoms>
    <UserFlicker>NENHUM</UserFlicker>
    <UserGlassesUse>NÃO</UserGlassesUse>
    <UserVisionProblems>NENHUM</UserVisionProblems>
    <UserPosture>DE PÉ</UserPosture>
    <UserEyeDominance>ESQUERDO</UserEyeDominance>
    <StaticFrame>False</StaticFrame>
    <HapticFeedback>False</HapticFeedback>
    <DegreeOfControl>total</DegreeOfControl>
    <DofSimulation>False</DofSimulation>
    <Locomotion>False</Locomotion>
    <CameraAutoMovement>True</CameraAutoMovement>
    <TimeStamp>16,00654</TimeStamp>
    <CameraFieldOfView>60</CameraFieldOfView>
    <PlayerSpeed>15</PlayerSpeed>
    <PlayerAcceleration>0</PlayerAcceleration>
    <CameraRotationX>0</CameraRotationX>
    <CameraRotationY>0</CameraRotationY>
    <CameraRotationZ>0</CameraRotationZ>
    <RegionOfInterest>background</RegionOfInterest>
    <GameFps>32</GameFps>
    <DiscomfortLevel>0</DiscomfortLevel>
  </Data>
  <Data TimeStamp="17,0049">
    <UserGenere>masculino</UserGenere>
    <UserAge>18 A 36</UserAge>
    <UserExperience>NENHUMA</UserExperience>
    <UserSymptoms>NENHUM</UserSymptoms>
    <UserFlicker>NENHUM</UserFlicker>
    <UserGlassesUse>NÃO</UserGlassesUse>
    <UserVisionProblems>NENHUM</UserVisionProblems>
    <UserPosture>DE PÉ</UserPosture>
    <UserEyeDominance>ESQUERDO</UserEyeDominance>
    <StaticFrame>False</StaticFrame>
    <HapticFeedback>False</HapticFeedback>
    <DegreeOfControl>total</DegreeOfControl>
    <DofSimulation>False</DofSimulation>
    <Locomotion>False</Locomotion>
    <CameraAutoMovement>True</CameraAutoMovement>
    <TimeStamp>17,0049</TimeStamp>
    <CameraFieldOfView>60</CameraFieldOfView>
    <PlayerSpeed>15</PlayerSpeed>
    <PlayerAcceleration>0</PlayerAcceleration>
    <CameraRotationX>0</CameraRotationX>
    <CameraRotationY>0</CameraRotationY>
    <CameraRotationZ>0</CameraRotationZ>
    <RegionOfInterest>background</RegionOfInterest>
    <GameFps>32</GameFps>
    <DiscomfortLevel>0</DiscomfortLevel>
  </Data>
  <Data TimeStamp="18,00373">
    <UserGenere>masculino</UserGenere>
    <UserAge>18 A 36</UserAge>
    <UserExperience>NENHUMA</UserExperience>
    <UserSymptoms>NENHUM</UserSymptoms>
    <UserFlicker>NENHUM</UserFlicker>
    <UserGlassesUse>NÃO</UserGlassesUse>
    <UserVisionProblems>NENHUM</UserVisionProblems>
    <UserPosture>DE PÉ</UserPosture>
    <UserEyeDominance>ESQUERDO</UserEyeDominance>
    <StaticFrame>False</StaticFrame>
    <HapticFeedback>False</HapticFeedback>
    <DegreeOfControl>total</DegreeOfControl>
    <DofSimulation>False</DofSimulation>
    <Locomotion>False</Locomotion>
    <CameraAutoMovement>True</CameraAutoMovement>
    <TimeStamp>18,00373</TimeStamp>
    <CameraFieldOfView>60</CameraFieldOfView>
    <PlayerSpeed>15</PlayerSpeed>
    <PlayerAcceleration>0</PlayerAcceleration>
    <CameraRotationX>0</CameraRotationX>
    <CameraRotationY>0</CameraRotationY>
    <CameraRotationZ>0</CameraRotationZ>
    <RegionOfInterest>background</RegionOfInterest>
    <GameFps>32</GameFps>
    <DiscomfortLevel>0</DiscomfortLevel>
  </Data>
  <Data TimeStamp="19,00348">
    <UserGenere>masculino</UserGenere>
    <UserAge>18 A 36</UserAge>
    <UserExperience>NENHUMA</UserExperience>
    <UserSymptoms>NENHUM</UserSymptoms>
    <UserFlicker>NENHUM</UserFlicker>
    <UserGlassesUse>NÃO</UserGlassesUse>
    <UserVisionProblems>NENHUM</UserVisionProblems>
    <UserPosture>DE PÉ</UserPosture>
    <UserEyeDominance>ESQUERDO</UserEyeDominance>
    <StaticFrame>False</StaticFrame>
    <HapticFeedback>False</HapticFeedback>
    <DegreeOfControl>total</DegreeOfControl>
    <DofSimulation>False</DofSimulation>
    <Locomotion>False</Locomotion>
    <CameraAutoMovement>True</CameraAutoMovement>
    <TimeStamp>19,00348</TimeStamp>
    <CameraFieldOfView>60</CameraFieldOfView>
    <PlayerSpeed>15</PlayerSpeed>
    <PlayerAcceleration>0</PlayerAcceleration>
    <CameraRotationX>0</CameraRotationX>
    <CameraRotationY>0</CameraRotationY>
    <CameraRotationZ>0</CameraRotationZ>
    <RegionOfInterest>background</RegionOfInterest>
    <GameFps>30</GameFps>
    <DiscomfortLevel>0</DiscomfortLevel>
  </Data>
  <Data TimeStamp="20,0033">
    <UserGenere>masculino</UserGenere>
    <UserAge>18 A 36</UserAge>
    <UserExperience>NENHUMA</UserExperience>
    <UserSymptoms>NENHUM</UserSymptoms>
    <UserFlicker>NENHUM</UserFlicker>
    <UserGlassesUse>NÃO</UserGlassesUse>
    <UserVisionProblems>NENHUM</UserVisionProblems>
    <UserPosture>DE PÉ</UserPosture>
    <UserEyeDominance>ESQUERDO</UserEyeDominance>
    <StaticFrame>False</StaticFrame>
    <HapticFeedback>False</HapticFeedback>
    <DegreeOfControl>total</DegreeOfControl>
    <DofSimulation>False</DofSimulation>
    <Locomotion>False</Locomotion>
    <CameraAutoMovement>True</CameraAutoMovement>
    <TimeStamp>20,0033</TimeStamp>
    <CameraFieldOfView>60</CameraFieldOfView>
    <PlayerSpeed>15</PlayerSpeed>
    <PlayerAcceleration>0</PlayerAcceleration>
    <CameraRotationX>0</CameraRotationX>
    <CameraRotationY>0</CameraRotationY>
    <CameraRotationZ>0</CameraRotationZ>
    <RegionOfInterest>background</RegionOfInterest>
    <GameFps>30</GameFps>
    <DiscomfortLevel>0</DiscomfortLevel>
  </Data>
  <Data TimeStamp="21,00313">
    <UserGenere>masculino</UserGenere>
    <UserAge>18 A 36</UserAge>
    <UserExperience>NENHUMA</UserExperience>
    <UserSymptoms>NENHUM</UserSymptoms>
    <UserFlicker>NENHUM</UserFlicker>
    <UserGlassesUse>NÃO</UserGlassesUse>
    <UserVisionProblems>NENHUM</UserVisionProblems>
    <UserPosture>DE PÉ</UserPosture>
    <UserEyeDominance>ESQUERDO</UserEyeDominance>
    <StaticFrame>False</StaticFrame>
    <HapticFeedback>False</HapticFeedback>
    <DegreeOfControl>total</DegreeOfControl>
    <DofSimulation>False</DofSimulation>
    <Locomotion>False</Locomotion>
    <CameraAutoMovement>True</CameraAutoMovement>
    <TimeStamp>21,00313</TimeStamp>
    <CameraFieldOfView>60</CameraFieldOfView>
    <PlayerSpeed>15</PlayerSpeed>
    <PlayerAcceleration>0</PlayerAcceleration>
    <CameraRotationX>0</CameraRotationX>
    <CameraRotationY>0</CameraRotationY>
    <CameraRotationZ>0</CameraRotationZ>
    <RegionOfInterest>background</RegionOfInterest>
    <GameFps>30</GameFps>
    <DiscomfortLevel>0</DiscomfortLevel>
  </Data>
  <Data TimeStamp="22,00285">
    <UserGenere>masculino</UserGenere>
    <UserAge>18 A 36</UserAge>
    <UserExperience>NENHUMA</UserExperience>
    <UserSymptoms>NENHUM</UserSymptoms>
    <UserFlicker>NENHUM</UserFlicker>
    <UserGlassesUse>NÃO</UserGlassesUse>
    <UserVisionProblems>NENHUM</UserVisionProblems>
    <UserPosture>DE PÉ</UserPosture>
    <UserEyeDominance>ESQUERDO</UserEyeDominance>
    <StaticFrame>False</StaticFrame>
    <HapticFeedback>False</HapticFeedback>
    <DegreeOfControl>total</DegreeOfControl>
    <DofSimulation>False</DofSimulation>
    <Locomotion>False</Locomotion>
    <CameraAutoMovement>True</CameraAutoMovement>
    <TimeStamp>22,00285</TimeStamp>
    <CameraFieldOfView>60</CameraFieldOfView>
    <PlayerSpeed>15</PlayerSpeed>
    <PlayerAcceleration>0</PlayerAcceleration>
    <CameraRotationX>0</CameraRotationX>
    <CameraRotationY>0</CameraRotationY>
    <CameraRotationZ>0</CameraRotationZ>
    <RegionOfInterest>background</RegionOfInterest>
    <GameFps>32</GameFps>
    <DiscomfortLevel>0</DiscomfortLevel>
  </Data>
  <Data TimeStamp="23,00225">
    <UserGenere>masculino</UserGenere>
    <UserAge>18 A 36</UserAge>
    <UserExperience>NENHUMA</UserExperience>
    <UserSymptoms>NENHUM</UserSymptoms>
    <UserFlicker>NENHUM</UserFlicker>
    <UserGlassesUse>NÃO</UserGlassesUse>
    <UserVisionProblems>NENHUM</UserVisionProblems>
    <UserPosture>DE PÉ</UserPosture>
    <UserEyeDominance>ESQUERDO</UserEyeDominance>
    <StaticFrame>False</StaticFrame>
    <HapticFeedback>False</HapticFeedback>
    <DegreeOfControl>total</DegreeOfControl>
    <DofSimulation>False</DofSimulation>
    <Locomotion>False</Locomotion>
    <CameraAutoMovement>True</CameraAutoMovement>
    <TimeStamp>23,00225</TimeStamp>
    <CameraFieldOfView>60</CameraFieldOfView>
    <PlayerSpeed>15</PlayerSpeed>
    <PlayerAcceleration>0</PlayerAcceleration>
    <CameraRotationX>0</CameraRotationX>
    <CameraRotationY>0</CameraRotationY>
    <CameraRotationZ>0</CameraRotationZ>
    <RegionOfInterest>background</RegionOfInterest>
    <GameFps>30</GameFps>
    <DiscomfortLevel>0</DiscomfortLevel>
  </Data>
  <Data TimeStamp="24,00286">
    <UserGenere>masculino</UserGenere>
    <UserAge>18 A 36</UserAge>
    <UserExperience>NENHUMA</UserExperience>
    <UserSymptoms>NENHUM</UserSymptoms>
    <UserFlicker>NENHUM</UserFlicker>
    <UserGlassesUse>NÃO</UserGlassesUse>
    <UserVisionProblems>NENHUM</UserVisionProblems>
    <UserPosture>DE PÉ</UserPosture>
    <UserEyeDominance>ESQUERDO</UserEyeDominance>
    <StaticFrame>False</StaticFrame>
    <HapticFeedback>False</HapticFeedback>
    <DegreeOfControl>total</DegreeOfControl>
    <DofSimulation>False</DofSimulation>
    <Locomotion>False</Locomotion>
    <CameraAutoMovement>True</CameraAutoMovement>
    <TimeStamp>24,00286</TimeStamp>
    <CameraFieldOfView>60</CameraFieldOfView>
    <PlayerSpeed>15</PlayerSpeed>
    <PlayerAcceleration>0</PlayerAcceleration>
    <CameraRotationX>0</CameraRotationX>
    <CameraRotationY>0</CameraRotationY>
    <CameraRotationZ>0</CameraRotationZ>
    <RegionOfInterest>background</RegionOfInterest>
    <GameFps>30</GameFps>
    <DiscomfortLevel>0</DiscomfortLevel>
  </Data>
  <Data TimeStamp="25,00148">
    <UserGenere>masculino</UserGenere>
    <UserAge>18 A 36</UserAge>
    <UserExperience>NENHUMA</UserExperience>
    <UserSymptoms>NENHUM</UserSymptoms>
    <UserFlicker>NENHUM</UserFlicker>
    <UserGlassesUse>NÃO</UserGlassesUse>
    <UserVisionProblems>NENHUM</UserVisionProblems>
    <UserPosture>DE PÉ</UserPosture>
    <UserEyeDominance>ESQUERDO</UserEyeDominance>
    <StaticFrame>False</StaticFrame>
    <HapticFeedback>False</HapticFeedback>
    <DegreeOfControl>total</DegreeOfControl>
    <DofSimulation>False</DofSimulation>
    <Locomotion>False</Locomotion>
    <CameraAutoMovement>True</CameraAutoMovement>
    <TimeStamp>25,00148</TimeStamp>
    <CameraFieldOfView>60</CameraFieldOfView>
    <PlayerSpeed>15</PlayerSpeed>
    <PlayerAcceleration>0</PlayerAcceleration>
    <CameraRotationX>0</CameraRotationX>
    <CameraRotationY>0</CameraRotationY>
    <CameraRotationZ>0</CameraRotationZ>
    <RegionOfInterest>background</RegionOfInterest>
    <GameFps>32</GameFps>
    <DiscomfortLevel>0</DiscomfortLevel>
  </Data>
  <Data TimeStamp="26,0019">
    <UserGenere>masculino</UserGenere>
    <UserAge>18 A 36</UserAge>
    <UserExperience>NENHUMA</UserExperience>
    <UserSymptoms>NENHUM</UserSymptoms>
    <UserFlicker>NENHUM</UserFlicker>
    <UserGlassesUse>NÃO</UserGlassesUse>
    <UserVisionProblems>NENHUM</UserVisionProblems>
    <UserPosture>DE PÉ</UserPosture>
    <UserEyeDominance>ESQUERDO</UserEyeDominance>
    <StaticFrame>False</StaticFrame>
    <HapticFeedback>False</HapticFeedback>
    <DegreeOfControl>total</DegreeOfControl>
    <DofSimulation>False</DofSimulation>
    <Locomotion>False</Locomotion>
    <CameraAutoMovement>True</CameraAutoMovement>
    <TimeStamp>26,0019</TimeStamp>
    <CameraFieldOfView>60</CameraFieldOfView>
    <PlayerSpeed>15</PlayerSpeed>
    <PlayerAcceleration>0</PlayerAcceleration>
    <CameraRotationX>0</CameraRotationX>
    <CameraRotationY>0</CameraRotationY>
    <CameraRotationZ>0</CameraRotationZ>
    <RegionOfInterest>background</RegionOfInterest>
    <GameFps>30</GameFps>
    <DiscomfortLevel>0</DiscomfortLevel>
  </Data>
  <Data TimeStamp="27,00101">
    <UserGenere>masculino</UserGenere>
    <UserAge>18 A 36</UserAge>
    <UserExperience>NENHUMA</UserExperience>
    <UserSymptoms>NENHUM</UserSymptoms>
    <UserFlicker>NENHUM</UserFlicker>
    <UserGlassesUse>NÃO</UserGlassesUse>
    <UserVisionProblems>NENHUM</UserVisionProblems>
    <UserPosture>DE PÉ</UserPosture>
    <UserEyeDominance>ESQUERDO</UserEyeDominance>
    <StaticFrame>False</StaticFrame>
    <HapticFeedback>False</HapticFeedback>
    <DegreeOfControl>total</DegreeOfControl>
    <DofSimulation>False</DofSimulation>
    <Locomotion>False</Locomotion>
    <CameraAutoMovement>True</CameraAutoMovement>
    <TimeStamp>27,00101</TimeStamp>
    <CameraFieldOfView>60</CameraFieldOfView>
    <PlayerSpeed>15</PlayerSpeed>
    <PlayerAcceleration>0</PlayerAcceleration>
    <CameraRotationX>0</CameraRotationX>
    <CameraRotationY>0</CameraRotationY>
    <CameraRotationZ>0</CameraRotationZ>
    <RegionOfInterest>background</RegionOfInterest>
    <GameFps>34</GameFps>
    <DiscomfortLevel>0</DiscomfortLevel>
  </Data>
  <Data TimeStamp="28,00024">
    <UserGenere>masculino</UserGenere>
    <UserAge>18 A 36</UserAge>
    <UserExperience>NENHUMA</UserExperience>
    <UserSymptoms>NENHUM</UserSymptoms>
    <UserFlicker>NENHUM</UserFlicker>
    <UserGlassesUse>NÃO</UserGlassesUse>
    <UserVisionProblems>NENHUM</UserVisionProblems>
    <UserPosture>DE PÉ</UserPosture>
    <UserEyeDominance>ESQUERDO</UserEyeDominance>
    <StaticFrame>False</StaticFrame>
    <HapticFeedback>False</HapticFeedback>
    <DegreeOfControl>total</DegreeOfControl>
    <DofSimulation>False</DofSimulation>
    <Locomotion>False</Locomotion>
    <CameraAutoMovement>True</CameraAutoMovement>
    <TimeStamp>28,00024</TimeStamp>
    <CameraFieldOfView>60</CameraFieldOfView>
    <PlayerSpeed>15</PlayerSpeed>
    <PlayerAcceleration>0</PlayerAcceleration>
    <CameraRotationX>0</CameraRotationX>
    <CameraRotationY>0</CameraRotationY>
    <CameraRotationZ>0</CameraRotationZ>
    <RegionOfInterest>background</RegionOfInterest>
    <GameFps>30</GameFps>
    <DiscomfortLevel>0</DiscomfortLevel>
  </Data>
  <Data TimeStamp="29,01707">
    <UserGenere>masculino</UserGenere>
    <UserAge>18 A 36</UserAge>
    <UserExperience>NENHUMA</UserExperience>
    <UserSymptoms>NENHUM</UserSymptoms>
    <UserFlicker>NENHUM</UserFlicker>
    <UserGlassesUse>NÃO</UserGlassesUse>
    <UserVisionProblems>NENHUM</UserVisionProblems>
    <UserPosture>DE PÉ</UserPosture>
    <UserEyeDominance>ESQUERDO</UserEyeDominance>
    <StaticFrame>False</StaticFrame>
    <HapticFeedback>False</HapticFeedback>
    <DegreeOfControl>total</DegreeOfControl>
    <DofSimulation>False</DofSimulation>
    <Locomotion>False</Locomotion>
    <CameraAutoMovement>True</CameraAutoMovement>
    <TimeStamp>29,01707</TimeStamp>
    <CameraFieldOfView>60</CameraFieldOfView>
    <PlayerSpeed>15</PlayerSpeed>
    <PlayerAcceleration>0</PlayerAcceleration>
    <CameraRotationX>0</CameraRotationX>
    <CameraRotationY>0</CameraRotationY>
    <CameraRotationZ>0</CameraRotationZ>
    <RegionOfInterest>background</RegionOfInterest>
    <GameFps>32</GameFps>
    <DiscomfortLevel>0</DiscomfortLevel>
  </Data>
  <Data TimeStamp="30,01635">
    <UserGenere>masculino</UserGenere>
    <UserAge>18 A 36</UserAge>
    <UserExperience>NENHUMA</UserExperience>
    <UserSymptoms>NENHUM</UserSymptoms>
    <UserFlicker>NENHUM</UserFlicker>
    <UserGlassesUse>NÃO</UserGlassesUse>
    <UserVisionProblems>NENHUM</UserVisionProblems>
    <UserPosture>DE PÉ</UserPosture>
    <UserEyeDominance>ESQUERDO</UserEyeDominance>
    <StaticFrame>False</StaticFrame>
    <HapticFeedback>False</HapticFeedback>
    <DegreeOfControl>total</DegreeOfControl>
    <DofSimulation>False</DofSimulation>
    <Locomotion>False</Locomotion>
    <CameraAutoMovement>True</CameraAutoMovement>
    <TimeStamp>30,01635</TimeStamp>
    <CameraFieldOfView>60</CameraFieldOfView>
    <PlayerSpeed>15</PlayerSpeed>
    <PlayerAcceleration>0</PlayerAcceleration>
    <CameraRotationX>0</CameraRotationX>
    <CameraRotationY>0</CameraRotationY>
    <CameraRotationZ>0</CameraRotationZ>
    <RegionOfInterest>background</RegionOfInterest>
    <GameFps>30</GameFps>
    <DiscomfortLevel>0</DiscomfortLevel>
  </Data>
  <Data TimeStamp="31,01713">
    <UserGenere>masculino</UserGenere>
    <UserAge>18 A 36</UserAge>
    <UserExperience>NENHUMA</UserExperience>
    <UserSymptoms>NENHUM</UserSymptoms>
    <UserFlicker>NENHUM</UserFlicker>
    <UserGlassesUse>NÃO</UserGlassesUse>
    <UserVisionProblems>NENHUM</UserVisionProblems>
    <UserPosture>DE PÉ</UserPosture>
    <UserEyeDominance>ESQUERDO</UserEyeDominance>
    <StaticFrame>False</StaticFrame>
    <HapticFeedback>False</HapticFeedback>
    <DegreeOfControl>total</DegreeOfControl>
    <DofSimulation>False</DofSimulation>
    <Locomotion>False</Locomotion>
    <CameraAutoMovement>True</CameraAutoMovement>
    <TimeStamp>31,01713</TimeStamp>
    <CameraFieldOfView>60</CameraFieldOfView>
    <PlayerSpeed>15</PlayerSpeed>
    <PlayerAcceleration>0</PlayerAcceleration>
    <CameraRotationX>0</CameraRotationX>
    <CameraRotationY>0</CameraRotationY>
    <CameraRotationZ>0</CameraRotationZ>
    <RegionOfInterest>background</RegionOfInterest>
    <GameFps>60</GameFps>
    <DiscomfortLevel>0</DiscomfortLevel>
  </Data>
  <Data TimeStamp="32,01626">
    <UserGenere>masculino</UserGenere>
    <UserAge>18 A 36</UserAge>
    <UserExperience>NENHUMA</UserExperience>
    <UserSymptoms>NENHUM</UserSymptoms>
    <UserFlicker>NENHUM</UserFlicker>
    <UserGlassesUse>NÃO</UserGlassesUse>
    <UserVisionProblems>NENHUM</UserVisionProblems>
    <UserPosture>DE PÉ</UserPosture>
    <UserEyeDominance>ESQUERDO</UserEyeDominance>
    <StaticFrame>False</StaticFrame>
    <HapticFeedback>False</HapticFeedback>
    <DegreeOfControl>total</DegreeOfControl>
    <DofSimulation>False</DofSimulation>
    <Locomotion>False</Locomotion>
    <CameraAutoMovement>True</CameraAutoMovement>
    <TimeStamp>32,01626</TimeStamp>
    <CameraFieldOfView>60</CameraFieldOfView>
    <PlayerSpeed>15</PlayerSpeed>
    <PlayerAcceleration>0</PlayerAcceleration>
    <CameraRotationX>0</CameraRotationX>
    <CameraRotationY>0</CameraRotationY>
    <CameraRotationZ>0</CameraRotationZ>
    <RegionOfInterest>background</RegionOfInterest>
    <GameFps>60</GameFps>
    <DiscomfortLevel>0</DiscomfortLevel>
  </Data>
  <Data TimeStamp="33,01775">
    <UserGenere>masculino</UserGenere>
    <UserAge>18 A 36</UserAge>
    <UserExperience>NENHUMA</UserExperience>
    <UserSymptoms>NENHUM</UserSymptoms>
    <UserFlicker>NENHUM</UserFlicker>
    <UserGlassesUse>NÃO</UserGlassesUse>
    <UserVisionProblems>NENHUM</UserVisionProblems>
    <UserPosture>DE PÉ</UserPosture>
    <UserEyeDominance>ESQUERDO</UserEyeDominance>
    <StaticFrame>False</StaticFrame>
    <HapticFeedback>False</HapticFeedback>
    <DegreeOfControl>total</DegreeOfControl>
    <DofSimulation>False</DofSimulation>
    <Locomotion>False</Locomotion>
    <CameraAutoMovement>True</CameraAutoMovement>
    <TimeStamp>33,01775</TimeStamp>
    <CameraFieldOfView>60</CameraFieldOfView>
    <PlayerSpeed>15</PlayerSpeed>
    <PlayerAcceleration>0</PlayerAcceleration>
    <CameraRotationX>0</CameraRotationX>
    <CameraRotationY>0</CameraRotationY>
    <CameraRotationZ>0</CameraRotationZ>
    <RegionOfInterest>background</RegionOfInterest>
    <GameFps>60</GameFps>
    <DiscomfortLevel>0</DiscomfortLevel>
  </Data>
  <Data TimeStamp="34,01575">
    <UserGenere>masculino</UserGenere>
    <UserAge>18 A 36</UserAge>
    <UserExperience>NENHUMA</UserExperience>
    <UserSymptoms>NENHUM</UserSymptoms>
    <UserFlicker>NENHUM</UserFlicker>
    <UserGlassesUse>NÃO</UserGlassesUse>
    <UserVisionProblems>NENHUM</UserVisionProblems>
    <UserPosture>DE PÉ</UserPosture>
    <UserEyeDominance>ESQUERDO</UserEyeDominance>
    <StaticFrame>False</StaticFrame>
    <HapticFeedback>False</HapticFeedback>
    <DegreeOfControl>total</DegreeOfControl>
    <DofSimulation>False</DofSimulation>
    <Locomotion>False</Locomotion>
    <CameraAutoMovement>True</CameraAutoMovement>
    <TimeStamp>34,01575</TimeStamp>
    <CameraFieldOfView>60</CameraFieldOfView>
    <PlayerSpeed>15</PlayerSpeed>
    <PlayerAcceleration>0</PlayerAcceleration>
    <CameraRotationX>0</CameraRotationX>
    <CameraRotationY>0</CameraRotationY>
    <CameraRotationZ>0</CameraRotationZ>
    <RegionOfInterest>background</RegionOfInterest>
    <GameFps>60</GameFps>
    <DiscomfortLevel>0</DiscomfortLevel>
  </Data>
  <Data TimeStamp="35,01536">
    <UserGenere>masculino</UserGenere>
    <UserAge>18 A 36</UserAge>
    <UserExperience>NENHUMA</UserExperience>
    <UserSymptoms>NENHUM</UserSymptoms>
    <UserFlicker>NENHUM</UserFlicker>
    <UserGlassesUse>NÃO</UserGlassesUse>
    <UserVisionProblems>NENHUM</UserVisionProblems>
    <UserPosture>DE PÉ</UserPosture>
    <UserEyeDominance>ESQUERDO</UserEyeDominance>
    <StaticFrame>False</StaticFrame>
    <HapticFeedback>False</HapticFeedback>
    <DegreeOfControl>total</DegreeOfControl>
    <DofSimulation>False</DofSimulation>
    <Locomotion>False</Locomotion>
    <CameraAutoMovement>True</CameraAutoMovement>
    <TimeStamp>35,01536</TimeStamp>
    <CameraFieldOfView>60</CameraFieldOfView>
    <PlayerSpeed>15</PlayerSpeed>
    <PlayerAcceleration>0</PlayerAcceleration>
    <CameraRotationX>0</CameraRotationX>
    <CameraRotationY>0</CameraRotationY>
    <CameraRotationZ>0</CameraRotationZ>
    <RegionOfInterest>background</RegionOfInterest>
    <GameFps>42</GameFps>
    <DiscomfortLevel>0</DiscomfortLevel>
  </Data>
  <Data TimeStamp="36,01444">
    <UserGenere>masculino</UserGenere>
    <UserAge>18 A 36</UserAge>
    <UserExperience>NENHUMA</UserExperience>
    <UserSymptoms>NENHUM</UserSymptoms>
    <UserFlicker>NENHUM</UserFlicker>
    <UserGlassesUse>NÃO</UserGlassesUse>
    <UserVisionProblems>NENHUM</UserVisionProblems>
    <UserPosture>DE PÉ</UserPosture>
    <UserEyeDominance>ESQUERDO</UserEyeDominance>
    <StaticFrame>False</StaticFrame>
    <HapticFeedback>False</HapticFeedback>
    <DegreeOfControl>total</DegreeOfControl>
    <DofSimulation>False</DofSimulation>
    <Locomotion>False</Locomotion>
    <CameraAutoMovement>True</CameraAutoMovement>
    <TimeStamp>36,01444</TimeStamp>
    <CameraFieldOfView>60</CameraFieldOfView>
    <PlayerSpeed>15</PlayerSpeed>
    <PlayerAcceleration>0</PlayerAcceleration>
    <CameraRotationX>0</CameraRotationX>
    <CameraRotationY>0</CameraRotationY>
    <CameraRotationZ>0</CameraRotationZ>
    <RegionOfInterest>background</RegionOfInterest>
    <GameFps>30</GameFps>
    <DiscomfortLevel>0</DiscomfortLevel>
  </Data>
  <Data TimeStamp="37,01431">
    <UserGenere>masculino</UserGenere>
    <UserAge>18 A 36</UserAge>
    <UserExperience>NENHUMA</UserExperience>
    <UserSymptoms>NENHUM</UserSymptoms>
    <UserFlicker>NENHUM</UserFlicker>
    <UserGlassesUse>NÃO</UserGlassesUse>
    <UserVisionProblems>NENHUM</UserVisionProblems>
    <UserPosture>DE PÉ</UserPosture>
    <UserEyeDominance>ESQUERDO</UserEyeDominance>
    <StaticFrame>False</StaticFrame>
    <HapticFeedback>False</HapticFeedback>
    <DegreeOfControl>total</DegreeOfControl>
    <DofSimulation>False</DofSimulation>
    <Locomotion>False</Locomotion>
    <CameraAutoMovement>True</CameraAutoMovement>
    <TimeStamp>37,01431</TimeStamp>
    <CameraFieldOfView>60</CameraFieldOfView>
    <PlayerSpeed>15</PlayerSpeed>
    <PlayerAcceleration>0</PlayerAcceleration>
    <CameraRotationX>0</CameraRotationX>
    <CameraRotationY>0</CameraRotationY>
    <CameraRotationZ>0</CameraRotationZ>
    <RegionOfInterest>background</RegionOfInterest>
    <GameFps>34</GameFps>
    <DiscomfortLevel>0</DiscomfortLevel>
  </Data>
  <Data TimeStamp="38,01559">
    <UserGenere>masculino</UserGenere>
    <UserAge>18 A 36</UserAge>
    <UserExperience>NENHUMA</UserExperience>
    <UserSymptoms>NENHUM</UserSymptoms>
    <UserFlicker>NENHUM</UserFlicker>
    <UserGlassesUse>NÃO</UserGlassesUse>
    <UserVisionProblems>NENHUM</UserVisionProblems>
    <UserPosture>DE PÉ</UserPosture>
    <UserEyeDominance>ESQUERDO</UserEyeDominance>
    <StaticFrame>False</StaticFrame>
    <HapticFeedback>False</HapticFeedback>
    <DegreeOfControl>total</DegreeOfControl>
    <DofSimulation>False</DofSimulation>
    <Locomotion>False</Locomotion>
    <CameraAutoMovement>True</CameraAutoMovement>
    <TimeStamp>38,01559</TimeStamp>
    <CameraFieldOfView>60</CameraFieldOfView>
    <PlayerSpeed>15</PlayerSpeed>
    <PlayerAcceleration>0</PlayerAcceleration>
    <CameraRotationX>0</CameraRotationX>
    <CameraRotationY>0</CameraRotationY>
    <CameraRotationZ>0</CameraRotationZ>
    <RegionOfInterest>background</RegionOfInterest>
    <GameFps>30</GameFps>
    <DiscomfortLevel>0</DiscomfortLevel>
  </Data>
  <Data TimeStamp="39,01406">
    <UserGenere>masculino</UserGenere>
    <UserAge>18 A 36</UserAge>
    <UserExperience>NENHUMA</UserExperience>
    <UserSymptoms>NENHUM</UserSymptoms>
    <UserFlicker>NENHUM</UserFlicker>
    <UserGlassesUse>NÃO</UserGlassesUse>
    <UserVisionProblems>NENHUM</UserVisionProblems>
    <UserPosture>DE PÉ</UserPosture>
    <UserEyeDominance>ESQUERDO</UserEyeDominance>
    <StaticFrame>False</StaticFrame>
    <HapticFeedback>False</HapticFeedback>
    <DegreeOfControl>total</DegreeOfControl>
    <DofSimulation>False</DofSimulation>
    <Locomotion>False</Locomotion>
    <CameraAutoMovement>True</CameraAutoMovement>
    <TimeStamp>39,01406</TimeStamp>
    <CameraFieldOfView>60</CameraFieldOfView>
    <PlayerSpeed>15</PlayerSpeed>
    <PlayerAcceleration>0</PlayerAcceleration>
    <CameraRotationX>0</CameraRotationX>
    <CameraRotationY>0</CameraRotationY>
    <CameraRotationZ>0</CameraRotationZ>
    <RegionOfInterest>background</RegionOfInterest>
    <GameFps>32</GameFps>
    <DiscomfortLevel>0</DiscomfortLevel>
  </Data>
  <Data TimeStamp="40,01331">
    <UserGenere>masculino</UserGenere>
    <UserAge>18 A 36</UserAge>
    <UserExperience>NENHUMA</UserExperience>
    <UserSymptoms>NENHUM</UserSymptoms>
    <UserFlicker>NENHUM</UserFlicker>
    <UserGlassesUse>NÃO</UserGlassesUse>
    <UserVisionProblems>NENHUM</UserVisionProblems>
    <UserPosture>DE PÉ</UserPosture>
    <UserEyeDominance>ESQUERDO</UserEyeDominance>
    <StaticFrame>False</StaticFrame>
    <HapticFeedback>False</HapticFeedback>
    <DegreeOfControl>total</DegreeOfControl>
    <DofSimulation>False</DofSimulation>
    <Locomotion>False</Locomotion>
    <CameraAutoMovement>True</CameraAutoMovement>
    <TimeStamp>40,01331</TimeStamp>
    <CameraFieldOfView>60</CameraFieldOfView>
    <PlayerSpeed>15</PlayerSpeed>
    <PlayerAcceleration>0</PlayerAcceleration>
    <CameraRotationX>0</CameraRotationX>
    <CameraRotationY>0</CameraRotationY>
    <CameraRotationZ>0</CameraRotationZ>
    <RegionOfInterest>background</RegionOfInterest>
    <GameFps>30</GameFps>
    <DiscomfortLevel>0</DiscomfortLevel>
  </Data>
  <Data TimeStamp="41,01334">
    <UserGenere>masculino</UserGenere>
    <UserAge>18 A 36</UserAge>
    <UserExperience>NENHUMA</UserExperience>
    <UserSymptoms>NENHUM</UserSymptoms>
    <UserFlicker>NENHUM</UserFlicker>
    <UserGlassesUse>NÃO</UserGlassesUse>
    <UserVisionProblems>NENHUM</UserVisionProblems>
    <UserPosture>DE PÉ</UserPosture>
    <UserEyeDominance>ESQUERDO</UserEyeDominance>
    <StaticFrame>False</StaticFrame>
    <HapticFeedback>False</HapticFeedback>
    <DegreeOfControl>total</DegreeOfControl>
    <DofSimulation>False</DofSimulation>
    <Locomotion>False</Locomotion>
    <CameraAutoMovement>True</CameraAutoMovement>
    <TimeStamp>41,01334</TimeStamp>
    <CameraFieldOfView>60</CameraFieldOfView>
    <PlayerSpeed>15</PlayerSpeed>
    <PlayerAcceleration>0</PlayerAcceleration>
    <CameraRotationX>0</CameraRotationX>
    <CameraRotationY>0</CameraRotationY>
    <CameraRotationZ>0</CameraRotationZ>
    <RegionOfInterest>background</RegionOfInterest>
    <GameFps>36</GameFps>
    <DiscomfortLevel>0</DiscomfortLevel>
  </Data>
  <Data TimeStamp="42,01263">
    <UserGenere>masculino</UserGenere>
    <UserAge>18 A 36</UserAge>
    <UserExperience>NENHUMA</UserExperience>
    <UserSymptoms>NENHUM</UserSymptoms>
    <UserFlicker>NENHUM</UserFlicker>
    <UserGlassesUse>NÃO</UserGlassesUse>
    <UserVisionProblems>NENHUM</UserVisionProblems>
    <UserPosture>DE PÉ</UserPosture>
    <UserEyeDominance>ESQUERDO</UserEyeDominance>
    <StaticFrame>False</StaticFrame>
    <HapticFeedback>False</HapticFeedback>
    <DegreeOfControl>total</DegreeOfControl>
    <DofSimulation>False</DofSimulation>
    <Locomotion>False</Locomotion>
    <CameraAutoMovement>True</CameraAutoMovement>
    <TimeStamp>42,01263</TimeStamp>
    <CameraFieldOfView>60</CameraFieldOfView>
    <PlayerSpeed>15</PlayerSpeed>
    <PlayerAcceleration>0</PlayerAcceleration>
    <CameraRotationX>0</CameraRotationX>
    <CameraRotationY>0</CameraRotationY>
    <CameraRotationZ>0</CameraRotationZ>
    <RegionOfInterest>background</RegionOfInterest>
    <GameFps>30</GameFps>
    <DiscomfortLevel>0</DiscomfortLevel>
  </Data>
  <Data TimeStamp="43,01207">
    <UserGenere>masculino</UserGenere>
    <UserAge>18 A 36</UserAge>
    <UserExperience>NENHUMA</UserExperience>
    <UserSymptoms>NENHUM</UserSymptoms>
    <UserFlicker>NENHUM</UserFlicker>
    <UserGlassesUse>NÃO</UserGlassesUse>
    <UserVisionProblems>NENHUM</UserVisionProblems>
    <UserPosture>DE PÉ</UserPosture>
    <UserEyeDominance>ESQUERDO</UserEyeDominance>
    <StaticFrame>False</StaticFrame>
    <HapticFeedback>False</HapticFeedback>
    <DegreeOfControl>total</DegreeOfControl>
    <DofSimulation>False</DofSimulation>
    <Locomotion>False</Locomotion>
    <CameraAutoMovement>True</CameraAutoMovement>
    <TimeStamp>43,01207</TimeStamp>
    <CameraFieldOfView>60</CameraFieldOfView>
    <PlayerSpeed>15</PlayerSpeed>
    <PlayerAcceleration>0</PlayerAcceleration>
    <CameraRotationX>0</CameraRotationX>
    <CameraRotationY>0</CameraRotationY>
    <CameraRotationZ>0</CameraRotationZ>
    <RegionOfInterest>background</RegionOfInterest>
    <GameFps>30</GameFps>
    <DiscomfortLevel>0</DiscomfortLevel>
  </Data>
  <Data TimeStamp="44,0119">
    <UserGenere>masculino</UserGenere>
    <UserAge>18 A 36</UserAge>
    <UserExperience>NENHUMA</UserExperience>
    <UserSymptoms>NENHUM</UserSymptoms>
    <UserFlicker>NENHUM</UserFlicker>
    <UserGlassesUse>NÃO</UserGlassesUse>
    <UserVisionProblems>NENHUM</UserVisionProblems>
    <UserPosture>DE PÉ</UserPosture>
    <UserEyeDominance>ESQUERDO</UserEyeDominance>
    <StaticFrame>False</StaticFrame>
    <HapticFeedback>False</HapticFeedback>
    <DegreeOfControl>total</DegreeOfControl>
    <DofSimulation>False</DofSimulation>
    <Locomotion>False</Locomotion>
    <CameraAutoMovement>True</CameraAutoMovement>
    <TimeStamp>44,0119</TimeStamp>
    <CameraFieldOfView>60</CameraFieldOfView>
    <PlayerSpeed>15</PlayerSpeed>
    <PlayerAcceleration>0</PlayerAcceleration>
    <CameraRotationX>0</CameraRotationX>
    <CameraRotationY>0</CameraRotationY>
    <CameraRotationZ>0</CameraRotationZ>
    <RegionOfInterest>background</RegionOfInterest>
    <GameFps>30</GameFps>
    <DiscomfortLevel>0</DiscomfortLevel>
  </Data>
  <Data TimeStamp="45,01159">
    <UserGenere>masculino</UserGenere>
    <UserAge>18 A 36</UserAge>
    <UserExperience>NENHUMA</UserExperience>
    <UserSymptoms>NENHUM</UserSymptoms>
    <UserFlicker>NENHUM</UserFlicker>
    <UserGlassesUse>NÃO</UserGlassesUse>
    <UserVisionProblems>NENHUM</UserVisionProblems>
    <UserPosture>DE PÉ</UserPosture>
    <UserEyeDominance>ESQUERDO</UserEyeDominance>
    <StaticFrame>False</StaticFrame>
    <HapticFeedback>False</HapticFeedback>
    <DegreeOfControl>total</DegreeOfControl>
    <DofSimulation>False</DofSimulation>
    <Locomotion>False</Locomotion>
    <CameraAutoMovement>True</CameraAutoMovement>
    <TimeStamp>45,01159</TimeStamp>
    <CameraFieldOfView>60</CameraFieldOfView>
    <PlayerSpeed>15</PlayerSpeed>
    <PlayerAcceleration>0</PlayerAcceleration>
    <CameraRotationX>0</CameraRotationX>
    <CameraRotationY>0</CameraRotationY>
    <CameraRotationZ>0</CameraRotationZ>
    <RegionOfInterest>background</RegionOfInterest>
    <GameFps>30</GameFps>
    <DiscomfortLevel>0</DiscomfortLevel>
  </Data>
  <Data TimeStamp="46,01097">
    <UserGenere>masculino</UserGenere>
    <UserAge>18 A 36</UserAge>
    <UserExperience>NENHUMA</UserExperience>
    <UserSymptoms>NENHUM</UserSymptoms>
    <UserFlicker>NENHUM</UserFlicker>
    <UserGlassesUse>NÃO</UserGlassesUse>
    <UserVisionProblems>NENHUM</UserVisionProblems>
    <UserPosture>DE PÉ</UserPosture>
    <UserEyeDominance>ESQUERDO</UserEyeDominance>
    <StaticFrame>False</StaticFrame>
    <HapticFeedback>False</HapticFeedback>
    <DegreeOfControl>total</DegreeOfControl>
    <DofSimulation>False</DofSimulation>
    <Locomotion>False</Locomotion>
    <CameraAutoMovement>True</CameraAutoMovement>
    <TimeStamp>46,01097</TimeStamp>
    <CameraFieldOfView>60</CameraFieldOfView>
    <PlayerSpeed>15</PlayerSpeed>
    <PlayerAcceleration>0</PlayerAcceleration>
    <CameraRotationX>0</CameraRotationX>
    <CameraRotationY>0</CameraRotationY>
    <CameraRotationZ>0</CameraRotationZ>
    <RegionOfInterest>background</RegionOfInterest>
    <GameFps>32</GameFps>
    <DiscomfortLevel>0</DiscomfortLevel>
  </Data>
  <Data TimeStamp="47,01101">
    <UserGenere>masculino</UserGenere>
    <UserAge>18 A 36</UserAge>
    <UserExperience>NENHUMA</UserExperience>
    <UserSymptoms>NENHUM</UserSymptoms>
    <UserFlicker>NENHUM</UserFlicker>
    <UserGlassesUse>NÃO</UserGlassesUse>
    <UserVisionProblems>NENHUM</UserVisionProblems>
    <UserPosture>DE PÉ</UserPosture>
    <UserEyeDominance>ESQUERDO</UserEyeDominance>
    <StaticFrame>False</StaticFrame>
    <HapticFeedback>False</HapticFeedback>
    <DegreeOfControl>total</DegreeOfControl>
    <DofSimulation>False</DofSimulation>
    <Locomotion>False</Locomotion>
    <CameraAutoMovement>True</CameraAutoMovement>
    <TimeStamp>47,01101</TimeStamp>
    <CameraFieldOfView>60</CameraFieldOfView>
    <PlayerSpeed>15</PlayerSpeed>
    <PlayerAcceleration>0</PlayerAcceleration>
    <CameraRotationX>0</CameraRotationX>
    <CameraRotationY>0</CameraRotationY>
    <CameraRotationZ>0</CameraRotationZ>
    <RegionOfInterest>background</RegionOfInterest>
    <GameFps>34</GameFps>
    <DiscomfortLevel>0</DiscomfortLevel>
  </Data>
  <Data TimeStamp="48,01085">
    <UserGenere>masculino</UserGenere>
    <UserAge>18 A 36</UserAge>
    <UserExperience>NENHUMA</UserExperience>
    <UserSymptoms>NENHUM</UserSymptoms>
    <UserFlicker>NENHUM</UserFlicker>
    <UserGlassesUse>NÃO</UserGlassesUse>
    <UserVisionProblems>NENHUM</UserVisionProblems>
    <UserPosture>DE PÉ</UserPosture>
    <UserEyeDominance>ESQUERDO</UserEyeDominance>
    <StaticFrame>False</StaticFrame>
    <HapticFeedback>False</HapticFeedback>
    <DegreeOfControl>total</DegreeOfControl>
    <DofSimulation>False</DofSimulation>
    <Locomotion>False</Locomotion>
    <CameraAutoMovement>True</CameraAutoMovement>
    <TimeStamp>48,01085</TimeStamp>
    <CameraFieldOfView>60</CameraFieldOfView>
    <PlayerSpeed>15</PlayerSpeed>
    <PlayerAcceleration>0</PlayerAcceleration>
    <CameraRotationX>0</CameraRotationX>
    <CameraRotationY>0</CameraRotationY>
    <CameraRotationZ>0</CameraRotationZ>
    <RegionOfInterest>background</RegionOfInterest>
    <GameFps>30</GameFps>
    <DiscomfortLevel>0</DiscomfortLevel>
  </Data>
  <Data TimeStamp="49,01029">
    <UserGenere>masculino</UserGenere>
    <UserAge>18 A 36</UserAge>
    <UserExperience>NENHUMA</UserExperience>
    <UserSymptoms>NENHUM</UserSymptoms>
    <UserFlicker>NENHUM</UserFlicker>
    <UserGlassesUse>NÃO</UserGlassesUse>
    <UserVisionProblems>NENHUM</UserVisionProblems>
    <UserPosture>DE PÉ</UserPosture>
    <UserEyeDominance>ESQUERDO</UserEyeDominance>
    <StaticFrame>False</StaticFrame>
    <HapticFeedback>False</HapticFeedback>
    <DegreeOfControl>total</DegreeOfControl>
    <DofSimulation>False</DofSimulation>
    <Locomotion>False</Locomotion>
    <CameraAutoMovement>True</CameraAutoMovement>
    <TimeStamp>49,01029</TimeStamp>
    <CameraFieldOfView>60</CameraFieldOfView>
    <PlayerSpeed>15</PlayerSpeed>
    <PlayerAcceleration>0</PlayerAcceleration>
    <CameraRotationX>0</CameraRotationX>
    <CameraRotationY>0</CameraRotationY>
    <CameraRotationZ>0</CameraRotationZ>
    <RegionOfInterest>background</RegionOfInterest>
    <GameFps>30</GameFps>
    <DiscomfortLevel>0</DiscomfortLevel>
  </Data>
  <Data TimeStamp="50,00994">
    <UserGenere>masculino</UserGenere>
    <UserAge>18 A 36</UserAge>
    <UserExperience>NENHUMA</UserExperience>
    <UserSymptoms>NENHUM</UserSymptoms>
    <UserFlicker>NENHUM</UserFlicker>
    <UserGlassesUse>NÃO</UserGlassesUse>
    <UserVisionProblems>NENHUM</UserVisionProblems>
    <UserPosture>DE PÉ</UserPosture>
    <UserEyeDominance>ESQUERDO</UserEyeDominance>
    <StaticFrame>False</StaticFrame>
    <HapticFeedback>False</HapticFeedback>
    <DegreeOfControl>total</DegreeOfControl>
    <DofSimulation>False</DofSimulation>
    <Locomotion>False</Locomotion>
    <CameraAutoMovement>True</CameraAutoMovement>
    <TimeStamp>50,00994</TimeStamp>
    <CameraFieldOfView>60</CameraFieldOfView>
    <PlayerSpeed>15</PlayerSpeed>
    <PlayerAcceleration>0</PlayerAcceleration>
    <CameraRotationX>0</CameraRotationX>
    <CameraRotationY>0</CameraRotationY>
    <CameraRotationZ>0</CameraRotationZ>
    <RegionOfInterest>background</RegionOfInterest>
    <GameFps>32</GameFps>
    <DiscomfortLevel>0</DiscomfortLevel>
  </Data>
  <Data TimeStamp="51,00944">
    <UserGenere>masculino</UserGenere>
    <UserAge>18 A 36</UserAge>
    <UserExperience>NENHUMA</UserExperience>
    <UserSymptoms>NENHUM</UserSymptoms>
    <UserFlicker>NENHUM</UserFlicker>
    <UserGlassesUse>NÃO</UserGlassesUse>
    <UserVisionProblems>NENHUM</UserVisionProblems>
    <UserPosture>DE PÉ</UserPosture>
    <UserEyeDominance>ESQUERDO</UserEyeDominance>
    <StaticFrame>False</StaticFrame>
    <HapticFeedback>False</HapticFeedback>
    <DegreeOfControl>total</DegreeOfControl>
    <DofSimulation>False</DofSimulation>
    <Locomotion>False</Locomotion>
    <CameraAutoMovement>True</CameraAutoMovement>
    <TimeStamp>51,00944</TimeStamp>
    <CameraFieldOfView>60</CameraFieldOfView>
    <PlayerSpeed>15</PlayerSpeed>
    <PlayerAcceleration>0</PlayerAcceleration>
    <CameraRotationX>0</CameraRotationX>
    <CameraRotationY>0</CameraRotationY>
    <CameraRotationZ>0</CameraRotationZ>
    <RegionOfInterest>background</RegionOfInterest>
    <GameFps>34</GameFps>
    <DiscomfortLevel>0</DiscomfortLevel>
  </Data>
  <Data TimeStamp="52,00919">
    <UserGenere>masculino</UserGenere>
    <UserAge>18 A 36</UserAge>
    <UserExperience>NENHUMA</UserExperience>
    <UserSymptoms>NENHUM</UserSymptoms>
    <UserFlicker>NENHUM</UserFlicker>
    <UserGlassesUse>NÃO</UserGlassesUse>
    <UserVisionProblems>NENHUM</UserVisionProblems>
    <UserPosture>DE PÉ</UserPosture>
    <UserEyeDominance>ESQUERDO</UserEyeDominance>
    <StaticFrame>False</StaticFrame>
    <HapticFeedback>False</HapticFeedback>
    <DegreeOfControl>total</DegreeOfControl>
    <DofSimulation>False</DofSimulation>
    <Locomotion>False</Locomotion>
    <CameraAutoMovement>True</CameraAutoMovement>
    <TimeStamp>52,00919</TimeStamp>
    <CameraFieldOfView>60</CameraFieldOfView>
    <PlayerSpeed>15</PlayerSpeed>
    <PlayerAcceleration>0</PlayerAcceleration>
    <CameraRotationX>0</CameraRotationX>
    <CameraRotationY>0</CameraRotationY>
    <CameraRotationZ>0</CameraRotationZ>
    <RegionOfInterest>background</RegionOfInterest>
    <GameFps>32</GameFps>
    <DiscomfortLevel>0</DiscomfortLevel>
  </Data>
  <Data TimeStamp="53,01463">
    <UserGenere>masculino</UserGenere>
    <UserAge>18 A 36</UserAge>
    <UserExperience>NENHUMA</UserExperience>
    <UserSymptoms>NENHUM</UserSymptoms>
    <UserFlicker>NENHUM</UserFlicker>
    <UserGlassesUse>NÃO</UserGlassesUse>
    <UserVisionProblems>NENHUM</UserVisionProblems>
    <UserPosture>DE PÉ</UserPosture>
    <UserEyeDominance>ESQUERDO</UserEyeDominance>
    <StaticFrame>False</StaticFrame>
    <HapticFeedback>False</HapticFeedback>
    <DegreeOfControl>total</DegreeOfControl>
    <DofSimulation>False</DofSimulation>
    <Locomotion>False</Locomotion>
    <CameraAutoMovement>True</CameraAutoMovement>
    <TimeStamp>53,01463</TimeStamp>
    <CameraFieldOfView>60</CameraFieldOfView>
    <PlayerSpeed>15</PlayerSpeed>
    <PlayerAcceleration>0</PlayerAcceleration>
    <CameraRotationX>0</CameraRotationX>
    <CameraRotationY>0</CameraRotationY>
    <CameraRotationZ>0</CameraRotationZ>
    <RegionOfInterest>background</RegionOfInterest>
    <GameFps>34</GameFps>
    <DiscomfortLevel>0</DiscomfortLevel>
  </Data>
  <Data TimeStamp="54,00878">
    <UserGenere>masculino</UserGenere>
    <UserAge>18 A 36</UserAge>
    <UserExperience>NENHUMA</UserExperience>
    <UserSymptoms>NENHUM</UserSymptoms>
    <UserFlicker>NENHUM</UserFlicker>
    <UserGlassesUse>NÃO</UserGlassesUse>
    <UserVisionProblems>NENHUM</UserVisionProblems>
    <UserPosture>DE PÉ</UserPosture>
    <UserEyeDominance>ESQUERDO</UserEyeDominance>
    <StaticFrame>False</StaticFrame>
    <HapticFeedback>False</HapticFeedback>
    <DegreeOfControl>total</DegreeOfControl>
    <DofSimulation>False</DofSimulation>
    <Locomotion>False</Locomotion>
    <CameraAutoMovement>True</CameraAutoMovement>
    <TimeStamp>54,00878</TimeStamp>
    <CameraFieldOfView>60</CameraFieldOfView>
    <PlayerSpeed>15</PlayerSpeed>
    <PlayerAcceleration>0</PlayerAcceleration>
    <CameraRotationX>0</CameraRotationX>
    <CameraRotationY>0</CameraRotationY>
    <CameraRotationZ>0</CameraRotationZ>
    <RegionOfInterest>background</RegionOfInterest>
    <GameFps>30</GameFps>
    <DiscomfortLevel>0</DiscomfortLevel>
  </Data>
  <Data TimeStamp="55,00823">
    <UserGenere>masculino</UserGenere>
    <UserAge>18 A 36</UserAge>
    <UserExperience>NENHUMA</UserExperience>
    <UserSymptoms>NENHUM</UserSymptoms>
    <UserFlicker>NENHUM</UserFlicker>
    <UserGlassesUse>NÃO</UserGlassesUse>
    <UserVisionProblems>NENHUM</UserVisionProblems>
    <UserPosture>DE PÉ</UserPosture>
    <UserEyeDominance>ESQUERDO</UserEyeDominance>
    <StaticFrame>False</StaticFrame>
    <HapticFeedback>False</HapticFeedback>
    <DegreeOfControl>total</DegreeOfControl>
    <DofSimulation>False</DofSimulation>
    <Locomotion>False</Locomotion>
    <CameraAutoMovement>True</CameraAutoMovement>
    <TimeStamp>55,00823</TimeStamp>
    <CameraFieldOfView>60</CameraFieldOfView>
    <PlayerSpeed>15</PlayerSpeed>
    <PlayerAcceleration>0</PlayerAcceleration>
    <CameraRotationX>0</CameraRotationX>
    <CameraRotationY>0</CameraRotationY>
    <CameraRotationZ>0</CameraRotationZ>
    <RegionOfInterest>background</RegionOfInterest>
    <GameFps>32</GameFps>
    <DiscomfortLevel>0</DiscomfortLevel>
  </Data>
  <Data TimeStamp="56,00733">
    <UserGenere>masculino</UserGenere>
    <UserAge>18 A 36</UserAge>
    <UserExperience>NENHUMA</UserExperience>
    <UserSymptoms>NENHUM</UserSymptoms>
    <UserFlicker>NENHUM</UserFlicker>
    <UserGlassesUse>NÃO</UserGlassesUse>
    <UserVisionProblems>NENHUM</UserVisionProblems>
    <UserPosture>DE PÉ</UserPosture>
    <UserEyeDominance>ESQUERDO</UserEyeDominance>
    <StaticFrame>False</StaticFrame>
    <HapticFeedback>False</HapticFeedback>
    <DegreeOfControl>total</DegreeOfControl>
    <DofSimulation>False</DofSimulation>
    <Locomotion>False</Locomotion>
    <CameraAutoMovement>True</CameraAutoMovement>
    <TimeStamp>56,00733</TimeStamp>
    <CameraFieldOfView>60</CameraFieldOfView>
    <PlayerSpeed>15</PlayerSpeed>
    <PlayerAcceleration>0</PlayerAcceleration>
    <CameraRotationX>0</CameraRotationX>
    <CameraRotationY>0</CameraRotationY>
    <CameraRotationZ>0</CameraRotationZ>
    <RegionOfInterest>background</RegionOfInterest>
    <GameFps>32</GameFps>
    <DiscomfortLevel>0</DiscomfortLevel>
  </Data>
  <Data TimeStamp="57,0074">
    <UserGenere>masculino</UserGenere>
    <UserAge>18 A 36</UserAge>
    <UserExperience>NENHUMA</UserExperience>
    <UserSymptoms>NENHUM</UserSymptoms>
    <UserFlicker>NENHUM</UserFlicker>
    <UserGlassesUse>NÃO</UserGlassesUse>
    <UserVisionProblems>NENHUM</UserVisionProblems>
    <UserPosture>DE PÉ</UserPosture>
    <UserEyeDominance>ESQUERDO</UserEyeDominance>
    <StaticFrame>False</StaticFrame>
    <HapticFeedback>False</HapticFeedback>
    <DegreeOfControl>total</DegreeOfControl>
    <DofSimulation>False</DofSimulation>
    <Locomotion>False</Locomotion>
    <CameraAutoMovement>True</CameraAutoMovement>
    <TimeStamp>57,0074</TimeStamp>
    <CameraFieldOfView>60</CameraFieldOfView>
    <PlayerSpeed>15</PlayerSpeed>
    <PlayerAcceleration>0</PlayerAcceleration>
    <CameraRotationX>0</CameraRotationX>
    <CameraRotationY>0</CameraRotationY>
    <CameraRotationZ>0</CameraRotationZ>
    <RegionOfInterest>background</RegionOfInterest>
    <GameFps>32</GameFps>
    <DiscomfortLevel>0</DiscomfortLevel>
  </Data>
  <Data TimeStamp="58,0071">
    <UserGenere>masculino</UserGenere>
    <UserAge>18 A 36</UserAge>
    <UserExperience>NENHUMA</UserExperience>
    <UserSymptoms>NENHUM</UserSymptoms>
    <UserFlicker>NENHUM</UserFlicker>
    <UserGlassesUse>NÃO</UserGlassesUse>
    <UserVisionProblems>NENHUM</UserVisionProblems>
    <UserPosture>DE PÉ</UserPosture>
    <UserEyeDominance>ESQUERDO</UserEyeDominance>
    <StaticFrame>False</StaticFrame>
    <HapticFeedback>False</HapticFeedback>
    <DegreeOfControl>total</DegreeOfControl>
    <DofSimulation>False</DofSimulation>
    <Locomotion>False</Locomotion>
    <CameraAutoMovement>True</CameraAutoMovement>
    <TimeStamp>58,0071</TimeStamp>
    <CameraFieldOfView>60</CameraFieldOfView>
    <PlayerSpeed>15</PlayerSpeed>
    <PlayerAcceleration>0</PlayerAcceleration>
    <CameraRotationX>0</CameraRotationX>
    <CameraRotationY>0</CameraRotationY>
    <CameraRotationZ>0</CameraRotationZ>
    <RegionOfInterest>background</RegionOfInterest>
    <GameFps>32</GameFps>
    <DiscomfortLevel>0</DiscomfortLevel>
  </Data>
  <Data TimeStamp="59,00654">
    <UserGenere>masculino</UserGenere>
    <UserAge>18 A 36</UserAge>
    <UserExperience>NENHUMA</UserExperience>
    <UserSymptoms>NENHUM</UserSymptoms>
    <UserFlicker>NENHUM</UserFlicker>
    <UserGlassesUse>NÃO</UserGlassesUse>
    <UserVisionProblems>NENHUM</UserVisionProblems>
    <UserPosture>DE PÉ</UserPosture>
    <UserEyeDominance>ESQUERDO</UserEyeDominance>
    <StaticFrame>False</StaticFrame>
    <HapticFeedback>False</HapticFeedback>
    <DegreeOfControl>total</DegreeOfControl>
    <DofSimulation>False</DofSimulation>
    <Locomotion>False</Locomotion>
    <CameraAutoMovement>True</CameraAutoMovement>
    <TimeStamp>59,00654</TimeStamp>
    <CameraFieldOfView>60</CameraFieldOfView>
    <PlayerSpeed>15</PlayerSpeed>
    <PlayerAcceleration>0</PlayerAcceleration>
    <CameraRotationX>0</CameraRotationX>
    <CameraRotationY>0</CameraRotationY>
    <CameraRotationZ>0</CameraRotationZ>
    <RegionOfInterest>background</RegionOfInterest>
    <GameFps>32</GameFps>
    <DiscomfortLevel>0</DiscomfortLevel>
  </Data>
  <Data TimeStamp="60,00922">
    <UserGenere>masculino</UserGenere>
    <UserAge>18 A 36</UserAge>
    <UserExperience>NENHUMA</UserExperience>
    <UserSymptoms>NENHUM</UserSymptoms>
    <UserFlicker>NENHUM</UserFlicker>
    <UserGlassesUse>NÃO</UserGlassesUse>
    <UserVisionProblems>NENHUM</UserVisionProblems>
    <UserPosture>DE PÉ</UserPosture>
    <UserEyeDominance>ESQUERDO</UserEyeDominance>
    <StaticFrame>False</StaticFrame>
    <HapticFeedback>False</HapticFeedback>
    <DegreeOfControl>total</DegreeOfControl>
    <DofSimulation>False</DofSimulation>
    <Locomotion>False</Locomotion>
    <CameraAutoMovement>True</CameraAutoMovement>
    <TimeStamp>60,00922</TimeStamp>
    <CameraFieldOfView>60</CameraFieldOfView>
    <PlayerSpeed>15</PlayerSpeed>
    <PlayerAcceleration>0</PlayerAcceleration>
    <CameraRotationX>0</CameraRotationX>
    <CameraRotationY>0</CameraRotationY>
    <CameraRotationZ>0</CameraRotationZ>
    <RegionOfInterest>background</RegionOfInterest>
    <GameFps>30</GameFps>
    <DiscomfortLevel>0</DiscomfortLevel>
  </Data>
  <Data TimeStamp="61,00599">
    <UserGenere>masculino</UserGenere>
    <UserAge>18 A 36</UserAge>
    <UserExperience>NENHUMA</UserExperience>
    <UserSymptoms>NENHUM</UserSymptoms>
    <UserFlicker>NENHUM</UserFlicker>
    <UserGlassesUse>NÃO</UserGlassesUse>
    <UserVisionProblems>NENHUM</UserVisionProblems>
    <UserPosture>DE PÉ</UserPosture>
    <UserEyeDominance>ESQUERDO</UserEyeDominance>
    <StaticFrame>False</StaticFrame>
    <HapticFeedback>False</HapticFeedback>
    <DegreeOfControl>total</DegreeOfControl>
    <DofSimulation>False</DofSimulation>
    <Locomotion>False</Locomotion>
    <CameraAutoMovement>True</CameraAutoMovement>
    <TimeStamp>61,00599</TimeStamp>
    <CameraFieldOfView>60</CameraFieldOfView>
    <PlayerSpeed>15</PlayerSpeed>
    <PlayerAcceleration>0</PlayerAcceleration>
    <CameraRotationX>0</CameraRotationX>
    <CameraRotationY>0</CameraRotationY>
    <CameraRotationZ>0</CameraRotationZ>
    <RegionOfInterest>background</RegionOfInterest>
    <GameFps>30</GameFps>
    <DiscomfortLevel>0</DiscomfortLevel>
  </Data>
  <Data TimeStamp="62,00591">
    <UserGenere>masculino</UserGenere>
    <UserAge>18 A 36</UserAge>
    <UserExperience>NENHUMA</UserExperience>
    <UserSymptoms>NENHUM</UserSymptoms>
    <UserFlicker>NENHUM</UserFlicker>
    <UserGlassesUse>NÃO</UserGlassesUse>
    <UserVisionProblems>NENHUM</UserVisionProblems>
    <UserPosture>DE PÉ</UserPosture>
    <UserEyeDominance>ESQUERDO</UserEyeDominance>
    <StaticFrame>False</StaticFrame>
    <HapticFeedback>False</HapticFeedback>
    <DegreeOfControl>total</DegreeOfControl>
    <DofSimulation>False</DofSimulation>
    <Locomotion>False</Locomotion>
    <CameraAutoMovement>True</CameraAutoMovement>
    <TimeStamp>62,00591</TimeStamp>
    <CameraFieldOfView>60</CameraFieldOfView>
    <PlayerSpeed>15</PlayerSpeed>
    <PlayerAcceleration>0</PlayerAcceleration>
    <CameraRotationX>0</CameraRotationX>
    <CameraRotationY>0</CameraRotationY>
    <CameraRotationZ>0</CameraRotationZ>
    <RegionOfInterest>background</RegionOfInterest>
    <GameFps>30</GameFps>
    <DiscomfortLevel>0</DiscomfortLevel>
  </Data>
  <Data TimeStamp="63,00536">
    <UserGenere>masculino</UserGenere>
    <UserAge>18 A 36</UserAge>
    <UserExperience>NENHUMA</UserExperience>
    <UserSymptoms>NENHUM</UserSymptoms>
    <UserFlicker>NENHUM</UserFlicker>
    <UserGlassesUse>NÃO</UserGlassesUse>
    <UserVisionProblems>NENHUM</UserVisionProblems>
    <UserPosture>DE PÉ</UserPosture>
    <UserEyeDominance>ESQUERDO</UserEyeDominance>
    <StaticFrame>False</StaticFrame>
    <HapticFeedback>False</HapticFeedback>
    <DegreeOfControl>total</DegreeOfControl>
    <DofSimulation>False</DofSimulation>
    <Locomotion>False</Locomotion>
    <CameraAutoMovement>True</CameraAutoMovement>
    <TimeStamp>63,00536</TimeStamp>
    <CameraFieldOfView>60</CameraFieldOfView>
    <PlayerSpeed>15</PlayerSpeed>
    <PlayerAcceleration>0</PlayerAcceleration>
    <CameraRotationX>0</CameraRotationX>
    <CameraRotationY>0</CameraRotationY>
    <CameraRotationZ>0</CameraRotationZ>
    <RegionOfInterest>background</RegionOfInterest>
    <GameFps>30</GameFps>
    <DiscomfortLevel>0</DiscomfortLevel>
  </Data>
  <Data TimeStamp="64,005">
    <UserGenere>masculino</UserGenere>
    <UserAge>18 A 36</UserAge>
    <UserExperience>NENHUMA</UserExperience>
    <UserSymptoms>NENHUM</UserSymptoms>
    <UserFlicker>NENHUM</UserFlicker>
    <UserGlassesUse>NÃO</UserGlassesUse>
    <UserVisionProblems>NENHUM</UserVisionProblems>
    <UserPosture>DE PÉ</UserPosture>
    <UserEyeDominance>ESQUERDO</UserEyeDominance>
    <StaticFrame>False</StaticFrame>
    <HapticFeedback>False</HapticFeedback>
    <DegreeOfControl>total</DegreeOfControl>
    <DofSimulation>False</DofSimulation>
    <Locomotion>False</Locomotion>
    <CameraAutoMovement>True</CameraAutoMovement>
    <TimeStamp>64,005</TimeStamp>
    <CameraFieldOfView>60</CameraFieldOfView>
    <PlayerSpeed>15</PlayerSpeed>
    <PlayerAcceleration>0</PlayerAcceleration>
    <CameraRotationX>0</CameraRotationX>
    <CameraRotationY>0</CameraRotationY>
    <CameraRotationZ>0</CameraRotationZ>
    <RegionOfInterest>background</RegionOfInterest>
    <GameFps>30</GameFps>
    <DiscomfortLevel>0</DiscomfortLevel>
  </Data>
  <Data TimeStamp="65,0048">
    <UserGenere>masculino</UserGenere>
    <UserAge>18 A 36</UserAge>
    <UserExperience>NENHUMA</UserExperience>
    <UserSymptoms>NENHUM</UserSymptoms>
    <UserFlicker>NENHUM</UserFlicker>
    <UserGlassesUse>NÃO</UserGlassesUse>
    <UserVisionProblems>NENHUM</UserVisionProblems>
    <UserPosture>DE PÉ</UserPosture>
    <UserEyeDominance>ESQUERDO</UserEyeDominance>
    <StaticFrame>False</StaticFrame>
    <HapticFeedback>False</HapticFeedback>
    <DegreeOfControl>total</DegreeOfControl>
    <DofSimulation>False</DofSimulation>
    <Locomotion>False</Locomotion>
    <CameraAutoMovement>True</CameraAutoMovement>
    <TimeStamp>65,0048</TimeStamp>
    <CameraFieldOfView>60</CameraFieldOfView>
    <PlayerSpeed>15</PlayerSpeed>
    <PlayerAcceleration>0</PlayerAcceleration>
    <CameraRotationX>0</CameraRotationX>
    <CameraRotationY>0</CameraRotationY>
    <CameraRotationZ>0</CameraRotationZ>
    <RegionOfInterest>background</RegionOfInterest>
    <GameFps>30</GameFps>
    <DiscomfortLevel>0</DiscomfortLevel>
  </Data>
  <Data TimeStamp="66,00442">
    <UserGenere>masculino</UserGenere>
    <UserAge>18 A 36</UserAge>
    <UserExperience>NENHUMA</UserExperience>
    <UserSymptoms>NENHUM</UserSymptoms>
    <UserFlicker>NENHUM</UserFlicker>
    <UserGlassesUse>NÃO</UserGlassesUse>
    <UserVisionProblems>NENHUM</UserVisionProblems>
    <UserPosture>DE PÉ</UserPosture>
    <UserEyeDominance>ESQUERDO</UserEyeDominance>
    <StaticFrame>False</StaticFrame>
    <HapticFeedback>False</HapticFeedback>
    <DegreeOfControl>total</DegreeOfControl>
    <DofSimulation>False</DofSimulation>
    <Locomotion>False</Locomotion>
    <CameraAutoMovement>True</CameraAutoMovement>
    <TimeStamp>66,00442</TimeStamp>
    <CameraFieldOfView>60</CameraFieldOfView>
    <PlayerSpeed>15</PlayerSpeed>
    <PlayerAcceleration>0</PlayerAcceleration>
    <CameraRotationX>0</CameraRotationX>
    <CameraRotationY>0</CameraRotationY>
    <CameraRotationZ>0</CameraRotationZ>
    <RegionOfInterest>background</RegionOfInterest>
    <GameFps>34</GameFps>
    <DiscomfortLevel>0</DiscomfortLevel>
  </Data>
  <Data TimeStamp="67,00376">
    <UserGenere>masculino</UserGenere>
    <UserAge>18 A 36</UserAge>
    <UserExperience>NENHUMA</UserExperience>
    <UserSymptoms>NENHUM</UserSymptoms>
    <UserFlicker>NENHUM</UserFlicker>
    <UserGlassesUse>NÃO</UserGlassesUse>
    <UserVisionProblems>NENHUM</UserVisionProblems>
    <UserPosture>DE PÉ</UserPosture>
    <UserEyeDominance>ESQUERDO</UserEyeDominance>
    <StaticFrame>False</StaticFrame>
    <HapticFeedback>False</HapticFeedback>
    <DegreeOfControl>total</DegreeOfControl>
    <DofSimulation>False</DofSimulation>
    <Locomotion>False</Locomotion>
    <CameraAutoMovement>True</CameraAutoMovement>
    <TimeStamp>67,00376</TimeStamp>
    <CameraFieldOfView>60</CameraFieldOfView>
    <PlayerSpeed>15</PlayerSpeed>
    <PlayerAcceleration>0</PlayerAcceleration>
    <CameraRotationX>0</CameraRotationX>
    <CameraRotationY>0</CameraRotationY>
    <CameraRotationZ>0</CameraRotationZ>
    <RegionOfInterest>background</RegionOfInterest>
    <GameFps>30</GameFps>
    <DiscomfortLevel>0</DiscomfortLevel>
  </Data>
  <Data TimeStamp="68,00378">
    <UserGenere>masculino</UserGenere>
    <UserAge>18 A 36</UserAge>
    <UserExperience>NENHUMA</UserExperience>
    <UserSymptoms>NENHUM</UserSymptoms>
    <UserFlicker>NENHUM</UserFlicker>
    <UserGlassesUse>NÃO</UserGlassesUse>
    <UserVisionProblems>NENHUM</UserVisionProblems>
    <UserPosture>DE PÉ</UserPosture>
    <UserEyeDominance>ESQUERDO</UserEyeDominance>
    <StaticFrame>False</StaticFrame>
    <HapticFeedback>False</HapticFeedback>
    <DegreeOfControl>total</DegreeOfControl>
    <DofSimulation>False</DofSimulation>
    <Locomotion>False</Locomotion>
    <CameraAutoMovement>True</CameraAutoMovement>
    <TimeStamp>68,00378</TimeStamp>
    <CameraFieldOfView>60</CameraFieldOfView>
    <PlayerSpeed>15</PlayerSpeed>
    <PlayerAcceleration>0</PlayerAcceleration>
    <CameraRotationX>0</CameraRotationX>
    <CameraRotationY>0</CameraRotationY>
    <CameraRotationZ>0</CameraRotationZ>
    <RegionOfInterest>background</RegionOfInterest>
    <GameFps>34</GameFps>
    <DiscomfortLevel>0</DiscomfortLevel>
  </Data>
  <Data TimeStamp="69,004">
    <UserGenere>masculino</UserGenere>
    <UserAge>18 A 36</UserAge>
    <UserExperience>NENHUMA</UserExperience>
    <UserSymptoms>NENHUM</UserSymptoms>
    <UserFlicker>NENHUM</UserFlicker>
    <UserGlassesUse>NÃO</UserGlassesUse>
    <UserVisionProblems>NENHUM</UserVisionProblems>
    <UserPosture>DE PÉ</UserPosture>
    <UserEyeDominance>ESQUERDO</UserEyeDominance>
    <StaticFrame>False</StaticFrame>
    <HapticFeedback>False</HapticFeedback>
    <DegreeOfControl>total</DegreeOfControl>
    <DofSimulation>False</DofSimulation>
    <Locomotion>False</Locomotion>
    <CameraAutoMovement>True</CameraAutoMovement>
    <TimeStamp>69,004</TimeStamp>
    <CameraFieldOfView>60</CameraFieldOfView>
    <PlayerSpeed>15</PlayerSpeed>
    <PlayerAcceleration>0</PlayerAcceleration>
    <CameraRotationX>0</CameraRotationX>
    <CameraRotationY>0</CameraRotationY>
    <CameraRotationZ>0</CameraRotationZ>
    <RegionOfInterest>background</RegionOfInterest>
    <GameFps>32</GameFps>
    <DiscomfortLevel>0</DiscomfortLevel>
  </Data>
  <Data TimeStamp="70,0032">
    <UserGenere>masculino</UserGenere>
    <UserAge>18 A 36</UserAge>
    <UserExperience>NENHUMA</UserExperience>
    <UserSymptoms>NENHUM</UserSymptoms>
    <UserFlicker>NENHUM</UserFlicker>
    <UserGlassesUse>NÃO</UserGlassesUse>
    <UserVisionProblems>NENHUM</UserVisionProblems>
    <UserPosture>DE PÉ</UserPosture>
    <UserEyeDominance>ESQUERDO</UserEyeDominance>
    <StaticFrame>False</StaticFrame>
    <HapticFeedback>False</HapticFeedback>
    <DegreeOfControl>total</DegreeOfControl>
    <DofSimulation>False</DofSimulation>
    <Locomotion>False</Locomotion>
    <CameraAutoMovement>True</CameraAutoMovement>
    <TimeStamp>70,0032</TimeStamp>
    <CameraFieldOfView>60</CameraFieldOfView>
    <PlayerSpeed>15</PlayerSpeed>
    <PlayerAcceleration>0</PlayerAcceleration>
    <CameraRotationX>0</CameraRotationX>
    <CameraRotationY>0</CameraRotationY>
    <CameraRotationZ>0</CameraRotationZ>
    <RegionOfInterest>background</RegionOfInterest>
    <GameFps>30</GameFps>
    <DiscomfortLevel>0</DiscomfortLevel>
  </Data>
  <Data TimeStamp="71,00248">
    <UserGenere>masculino</UserGenere>
    <UserAge>18 A 36</UserAge>
    <UserExperience>NENHUMA</UserExperience>
    <UserSymptoms>NENHUM</UserSymptoms>
    <UserFlicker>NENHUM</UserFlicker>
    <UserGlassesUse>NÃO</UserGlassesUse>
    <UserVisionProblems>NENHUM</UserVisionProblems>
    <UserPosture>DE PÉ</UserPosture>
    <UserEyeDominance>ESQUERDO</UserEyeDominance>
    <StaticFrame>False</StaticFrame>
    <HapticFeedback>False</HapticFeedback>
    <DegreeOfControl>total</DegreeOfControl>
    <DofSimulation>False</DofSimulation>
    <Locomotion>False</Locomotion>
    <CameraAutoMovement>True</CameraAutoMovement>
    <TimeStamp>71,00248</TimeStamp>
    <CameraFieldOfView>60</CameraFieldOfView>
    <PlayerSpeed>15</PlayerSpeed>
    <PlayerAcceleration>0</PlayerAcceleration>
    <CameraRotationX>0</CameraRotationX>
    <CameraRotationY>0</CameraRotationY>
    <CameraRotationZ>0</CameraRotationZ>
    <RegionOfInterest>background</RegionOfInterest>
    <GameFps>32</GameFps>
    <DiscomfortLevel>0</DiscomfortLevel>
  </Data>
  <Data TimeStamp="72,00247">
    <UserGenere>masculino</UserGenere>
    <UserAge>18 A 36</UserAge>
    <UserExperience>NENHUMA</UserExperience>
    <UserSymptoms>NENHUM</UserSymptoms>
    <UserFlicker>NENHUM</UserFlicker>
    <UserGlassesUse>NÃO</UserGlassesUse>
    <UserVisionProblems>NENHUM</UserVisionProblems>
    <UserPosture>DE PÉ</UserPosture>
    <UserEyeDominance>ESQUERDO</UserEyeDominance>
    <StaticFrame>False</StaticFrame>
    <HapticFeedback>False</HapticFeedback>
    <DegreeOfControl>total</DegreeOfControl>
    <DofSimulation>False</DofSimulation>
    <Locomotion>False</Locomotion>
    <CameraAutoMovement>True</CameraAutoMovement>
    <TimeStamp>72,00247</TimeStamp>
    <CameraFieldOfView>60</CameraFieldOfView>
    <PlayerSpeed>15</PlayerSpeed>
    <PlayerAcceleration>0</PlayerAcceleration>
    <CameraRotationX>0</CameraRotationX>
    <CameraRotationY>0</CameraRotationY>
    <CameraRotationZ>0</CameraRotationZ>
    <RegionOfInterest>background</RegionOfInterest>
    <GameFps>32</GameFps>
    <DiscomfortLevel>0</DiscomfortLevel>
  </Data>
  <Data TimeStamp="73,00198">
    <UserGenere>masculino</UserGenere>
    <UserAge>18 A 36</UserAge>
    <UserExperience>NENHUMA</UserExperience>
    <UserSymptoms>NENHUM</UserSymptoms>
    <UserFlicker>NENHUM</UserFlicker>
    <UserGlassesUse>NÃO</UserGlassesUse>
    <UserVisionProblems>NENHUM</UserVisionProblems>
    <UserPosture>DE PÉ</UserPosture>
    <UserEyeDominance>ESQUERDO</UserEyeDominance>
    <StaticFrame>False</StaticFrame>
    <HapticFeedback>False</HapticFeedback>
    <DegreeOfControl>total</DegreeOfControl>
    <DofSimulation>False</DofSimulation>
    <Locomotion>False</Locomotion>
    <CameraAutoMovement>True</CameraAutoMovement>
    <TimeStamp>73,00198</TimeStamp>
    <CameraFieldOfView>60</CameraFieldOfView>
    <PlayerSpeed>15</PlayerSpeed>
    <PlayerAcceleration>0</PlayerAcceleration>
    <CameraRotationX>0</CameraRotationX>
    <CameraRotationY>0</CameraRotationY>
    <CameraRotationZ>0</CameraRotationZ>
    <RegionOfInterest>background</RegionOfInterest>
    <GameFps>30</GameFps>
    <DiscomfortLevel>0</DiscomfortLevel>
  </Data>
</USERDATA>