﻿<?xml version="1.0" encoding="UTF-8"?>
<USERDATA>
  <Data TimeStamp="0,01136238">
    <UserGenere>masculino</UserGenere>
    <UserAge>+50</UserAge>
    <UserExperience>ALGUMA</UserExperience>
    <UserSymptoms>NENHUM</UserSymptoms>
    <UserFlicker>ALGUM</UserFlicker>
    <UserGlassesUse>SIM</UserGlassesUse>
    <UserVisionProblems>ASTIGMATISMO/MIOPIA</UserVisionProblems>
    <UserPosture>DE PÉ</UserPosture>
    <UserEyeDominance>ESQUERDO</UserEyeDominance>
    <StaticFrame>False</StaticFrame>
    <HapticFeedback>False</HapticFeedback>
    <DegreeOfControl>total</DegreeOfControl>
    <DofSimulation>False</DofSimulation>
    <Locomotion>False</Locomotion>
    <CameraAutoMovement>True</CameraAutoMovement>
    <TimeStamp>0,01136238</TimeStamp>
    <CameraFieldOfView>95,63988</CameraFieldOfView>
    <PlayerSpeed>10</PlayerSpeed>
    <PlayerAcceleration>10</PlayerAcceleration>
    <CameraRotationX>0,1237398</CameraRotationX>
    <CameraRotationY>-0,004519703</CameraRotationY>
    <CameraRotationZ>-0,005193624</CameraRotationZ>
    <RegionOfInterest>background</RegionOfInterest>
    <GameFps>88</GameFps>
    <DiscomfortLevel>0</DiscomfortLevel>
  </Data>
  <Data TimeStamp="1,008147">
    <UserGenere>masculino</UserGenere>
    <UserAge>+50</UserAge>
    <UserExperience>ALGUMA</UserExperience>
    <UserSymptoms>NENHUM</UserSymptoms>
    <UserFlicker>ALGUM</UserFlicker>
    <UserGlassesUse>SIM</UserGlassesUse>
    <UserVisionProblems>ASTIGMATISMO/MIOPIA</UserVisionProblems>
    <UserPosture>DE PÉ</UserPosture>
    <UserEyeDominance>ESQUERDO</UserEyeDominance>
    <StaticFrame>False</StaticFrame>
    <HapticFeedback>False</HapticFeedback>
    <DegreeOfControl>total</DegreeOfControl>
    <DofSimulation>False</DofSimulation>
    <Locomotion>False</Locomotion>
    <CameraAutoMovement>True</CameraAutoMovement>
    <TimeStamp>1,008147</TimeStamp>
    <CameraFieldOfView>95,63988</CameraFieldOfView>
    <PlayerSpeed>10</PlayerSpeed>
    <PlayerAcceleration>0</PlayerAcceleration>
    <CameraRotationX>0,1237398</CameraRotationX>
    <CameraRotationY>-0,004519703</CameraRotationY>
    <CameraRotationZ>-0,005193624</CameraRotationZ>
    <RegionOfInterest>foreground</RegionOfInterest>
    <GameFps>44</GameFps>
    <DiscomfortLevel>0</DiscomfortLevel>
  </Data>
  <Data TimeStamp="2,013284">
    <UserGenere>masculino</UserGenere>
    <UserAge>+50</UserAge>
    <UserExperience>ALGUMA</UserExperience>
    <UserSymptoms>NENHUM</UserSymptoms>
    <UserFlicker>ALGUM</UserFlicker>
    <UserGlassesUse>SIM</UserGlassesUse>
    <UserVisionProblems>ASTIGMATISMO/MIOPIA</UserVisionProblems>
    <UserPosture>DE PÉ</UserPosture>
    <UserEyeDominance>ESQUERDO</UserEyeDominance>
    <StaticFrame>False</StaticFrame>
    <HapticFeedback>False</HapticFeedback>
    <DegreeOfControl>total</DegreeOfControl>
    <DofSimulation>False</DofSimulation>
    <Locomotion>False</Locomotion>
    <CameraAutoMovement>True</CameraAutoMovement>
    <TimeStamp>2,013284</TimeStamp>
    <CameraFieldOfView>95,63988</CameraFieldOfView>
    <PlayerSpeed>10</PlayerSpeed>
    <PlayerAcceleration>0</PlayerAcceleration>
    <CameraRotationX>0,1237398</CameraRotationX>
    <CameraRotationY>-0,004519703</CameraRotationY>
    <CameraRotationZ>-0,005193624</CameraRotationZ>
    <RegionOfInterest>background</RegionOfInterest>
    <GameFps>90</GameFps>
    <DiscomfortLevel>0</DiscomfortLevel>
  </Data>
  <Data TimeStamp="3,013316">
    <UserGenere>masculino</UserGenere>
    <UserAge>+50</UserAge>
    <UserExperience>ALGUMA</UserExperience>
    <UserSymptoms>NENHUM</UserSymptoms>
    <UserFlicker>ALGUM</UserFlicker>
    <UserGlassesUse>SIM</UserGlassesUse>
    <UserVisionProblems>ASTIGMATISMO/MIOPIA</UserVisionProblems>
    <UserPosture>DE PÉ</UserPosture>
    <UserEyeDominance>ESQUERDO</UserEyeDominance>
    <StaticFrame>False</StaticFrame>
    <HapticFeedback>False</HapticFeedback>
    <DegreeOfControl>total</DegreeOfControl>
    <DofSimulation>False</DofSimulation>
    <Locomotion>False</Locomotion>
    <CameraAutoMovement>True</CameraAutoMovement>
    <TimeStamp>3,013316</TimeStamp>
    <CameraFieldOfView>95,63988</CameraFieldOfView>
    <PlayerSpeed>10</PlayerSpeed>
    <PlayerAcceleration>0</PlayerAcceleration>
    <CameraRotationX>0,1237398</CameraRotationX>
    <CameraRotationY>-0,004519703</CameraRotationY>
    <CameraRotationZ>-0,005193624</CameraRotationZ>
    <RegionOfInterest>foreground</RegionOfInterest>
    <GameFps>90</GameFps>
    <DiscomfortLevel>0</DiscomfortLevel>
  </Data>
  <Data TimeStamp="4,014923">
    <UserGenere>masculino</UserGenere>
    <UserAge>+50</UserAge>
    <UserExperience>ALGUMA</UserExperience>
    <UserSymptoms>NENHUM</UserSymptoms>
    <UserFlicker>ALGUM</UserFlicker>
    <UserGlassesUse>SIM</UserGlassesUse>
    <UserVisionProblems>ASTIGMATISMO/MIOPIA</UserVisionProblems>
    <UserPosture>DE PÉ</UserPosture>
    <UserEyeDominance>ESQUERDO</UserEyeDominance>
    <StaticFrame>False</StaticFrame>
    <HapticFeedback>False</HapticFeedback>
    <DegreeOfControl>total</DegreeOfControl>
    <DofSimulation>False</DofSimulation>
    <Locomotion>False</Locomotion>
    <CameraAutoMovement>True</CameraAutoMovement>
    <TimeStamp>4,014923</TimeStamp>
    <CameraFieldOfView>95,63988</CameraFieldOfView>
    <PlayerSpeed>15</PlayerSpeed>
    <PlayerAcceleration>5</PlayerAcceleration>
    <CameraRotationX>0,1237398</CameraRotationX>
    <CameraRotationY>-0,004519703</CameraRotationY>
    <CameraRotationZ>-0,005193624</CameraRotationZ>
    <RegionOfInterest>background</RegionOfInterest>
    <GameFps>90</GameFps>
    <DiscomfortLevel>0</DiscomfortLevel>
  </Data>
  <Data TimeStamp="5,015382">
    <UserGenere>masculino</UserGenere>
    <UserAge>+50</UserAge>
    <UserExperience>ALGUMA</UserExperience>
    <UserSymptoms>NENHUM</UserSymptoms>
    <UserFlicker>ALGUM</UserFlicker>
    <UserGlassesUse>SIM</UserGlassesUse>
    <UserVisionProblems>ASTIGMATISMO/MIOPIA</UserVisionProblems>
    <UserPosture>DE PÉ</UserPosture>
    <UserEyeDominance>ESQUERDO</UserEyeDominance>
    <StaticFrame>False</StaticFrame>
    <HapticFeedback>False</HapticFeedback>
    <DegreeOfControl>total</DegreeOfControl>
    <DofSimulation>False</DofSimulation>
    <Locomotion>False</Locomotion>
    <CameraAutoMovement>True</CameraAutoMovement>
    <TimeStamp>5,015382</TimeStamp>
    <CameraFieldOfView>95,63988</CameraFieldOfView>
    <PlayerSpeed>15</PlayerSpeed>
    <PlayerAcceleration>0</PlayerAcceleration>
    <CameraRotationX>0,1237398</CameraRotationX>
    <CameraRotationY>-0,004519703</CameraRotationY>
    <CameraRotationZ>-0,005193624</CameraRotationZ>
    <RegionOfInterest>foreground</RegionOfInterest>
    <GameFps>90</GameFps>
    <DiscomfortLevel>0</DiscomfortLevel>
  </Data>
  <Data TimeStamp="6,015032">
    <UserGenere>masculino</UserGenere>
    <UserAge>+50</UserAge>
    <UserExperience>ALGUMA</UserExperience>
    <UserSymptoms>NENHUM</UserSymptoms>
    <UserFlicker>ALGUM</UserFlicker>
    <UserGlassesUse>SIM</UserGlassesUse>
    <UserVisionProblems>ASTIGMATISMO/MIOPIA</UserVisionProblems>
    <UserPosture>DE PÉ</UserPosture>
    <UserEyeDominance>ESQUERDO</UserEyeDominance>
    <StaticFrame>False</StaticFrame>
    <HapticFeedback>False</HapticFeedback>
    <DegreeOfControl>total</DegreeOfControl>
    <DofSimulation>False</DofSimulation>
    <Locomotion>False</Locomotion>
    <CameraAutoMovement>True</CameraAutoMovement>
    <TimeStamp>6,015032</TimeStamp>
    <CameraFieldOfView>95,63988</CameraFieldOfView>
    <PlayerSpeed>15</PlayerSpeed>
    <PlayerAcceleration>0</PlayerAcceleration>
    <CameraRotationX>0,1237398</CameraRotationX>
    <CameraRotationY>-0,004519703</CameraRotationY>
    <CameraRotationZ>-0,005193624</CameraRotationZ>
    <RegionOfInterest>foreground</RegionOfInterest>
    <GameFps>90</GameFps>
    <DiscomfortLevel>0</DiscomfortLevel>
  </Data>
  <Data TimeStamp="7,014511">
    <UserGenere>masculino</UserGenere>
    <UserAge>+50</UserAge>
    <UserExperience>ALGUMA</UserExperience>
    <UserSymptoms>NENHUM</UserSymptoms>
    <UserFlicker>ALGUM</UserFlicker>
    <UserGlassesUse>SIM</UserGlassesUse>
    <UserVisionProblems>ASTIGMATISMO/MIOPIA</UserVisionProblems>
    <UserPosture>DE PÉ</UserPosture>
    <UserEyeDominance>ESQUERDO</UserEyeDominance>
    <StaticFrame>False</StaticFrame>
    <HapticFeedback>False</HapticFeedback>
    <DegreeOfControl>total</DegreeOfControl>
    <DofSimulation>False</DofSimulation>
    <Locomotion>False</Locomotion>
    <CameraAutoMovement>True</CameraAutoMovement>
    <TimeStamp>7,014511</TimeStamp>
    <CameraFieldOfView>95,63988</CameraFieldOfView>
    <PlayerSpeed>15</PlayerSpeed>
    <PlayerAcceleration>0</PlayerAcceleration>
    <CameraRotationX>0,1237398</CameraRotationX>
    <CameraRotationY>-0,004519703</CameraRotationY>
    <CameraRotationZ>-0,005193624</CameraRotationZ>
    <RegionOfInterest>foreground</RegionOfInterest>
    <GameFps>90</GameFps>
    <DiscomfortLevel>0</DiscomfortLevel>
  </Data>
  <Data TimeStamp="8,014952">
    <UserGenere>masculino</UserGenere>
    <UserAge>+50</UserAge>
    <UserExperience>ALGUMA</UserExperience>
    <UserSymptoms>NENHUM</UserSymptoms>
    <UserFlicker>ALGUM</UserFlicker>
    <UserGlassesUse>SIM</UserGlassesUse>
    <UserVisionProblems>ASTIGMATISMO/MIOPIA</UserVisionProblems>
    <UserPosture>DE PÉ</UserPosture>
    <UserEyeDominance>ESQUERDO</UserEyeDominance>
    <StaticFrame>False</StaticFrame>
    <HapticFeedback>False</HapticFeedback>
    <DegreeOfControl>total</DegreeOfControl>
    <DofSimulation>False</DofSimulation>
    <Locomotion>False</Locomotion>
    <CameraAutoMovement>True</CameraAutoMovement>
    <TimeStamp>8,014952</TimeStamp>
    <CameraFieldOfView>95,63988</CameraFieldOfView>
    <PlayerSpeed>15</PlayerSpeed>
    <PlayerAcceleration>0</PlayerAcceleration>
    <CameraRotationX>0,1237398</CameraRotationX>
    <CameraRotationY>-0,004519703</CameraRotationY>
    <CameraRotationZ>-0,005193624</CameraRotationZ>
    <RegionOfInterest>background</RegionOfInterest>
    <GameFps>90</GameFps>
    <DiscomfortLevel>0</DiscomfortLevel>
  </Data>
  <Data TimeStamp="9,012938">
    <UserGenere>masculino</UserGenere>
    <UserAge>+50</UserAge>
    <UserExperience>ALGUMA</UserExperience>
    <UserSymptoms>NENHUM</UserSymptoms>
    <UserFlicker>ALGUM</UserFlicker>
    <UserGlassesUse>SIM</UserGlassesUse>
    <UserVisionProblems>ASTIGMATISMO/MIOPIA</UserVisionProblems>
    <UserPosture>DE PÉ</UserPosture>
    <UserEyeDominance>ESQUERDO</UserEyeDominance>
    <StaticFrame>False</StaticFrame>
    <HapticFeedback>False</HapticFeedback>
    <DegreeOfControl>total</DegreeOfControl>
    <DofSimulation>False</DofSimulation>
    <Locomotion>False</Locomotion>
    <CameraAutoMovement>True</CameraAutoMovement>
    <TimeStamp>9,012938</TimeStamp>
    <CameraFieldOfView>95,63988</CameraFieldOfView>
    <PlayerSpeed>15</PlayerSpeed>
    <PlayerAcceleration>0</PlayerAcceleration>
    <CameraRotationX>0,1237398</CameraRotationX>
    <CameraRotationY>-0,004519703</CameraRotationY>
    <CameraRotationZ>-0,005193624</CameraRotationZ>
    <RegionOfInterest>background</RegionOfInterest>
    <GameFps>88</GameFps>
    <DiscomfortLevel>0</DiscomfortLevel>
  </Data>
</USERDATA>