﻿<?xml version="1.0" encoding="UTF-8"?>
<USERDATA>
  <Data TimeStamp="0">
    <UserGenere>masculino</UserGenere>
    <UserAge>18 A 36</UserAge>
    <UserExperience>NENHUMA</UserExperience>
    <UserSymptoms>NENHUM</UserSymptoms>
    <UserFlicker>NENHUM</UserFlicker>
    <UserGlassesUse>SIM</UserGlassesUse>
    <UserVisionProblems>ASTIGMATISMO</UserVisionProblems>
    <UserPosture>SENTADO</UserPosture>
    <UserEyeDominance>DIREITO</UserEyeDominance>
    <StaticFrame>False</StaticFrame>
    <HapticFeedback>False</HapticFeedback>
    <DegreeOfControl>total</DegreeOfControl>
    <DofSimulation>False</DofSimulation>
    <Locomotion>False</Locomotion>
    <CameraAutoMovement>True</CameraAutoMovement>
    <RegionOfInterest>background</RegionOfInterest>
    <TimeStamp>0</TimeStamp>
    <CameraFieldOfView>111.7553</CameraFieldOfView>
    <PlayerSpeed>10</PlayerSpeed>
    <PlayerAcceleration>10</PlayerAcceleration>
    <CameraRotationX>-0.03496083</CameraRotationX>
    <CameraRotationY>0.2026207</CameraRotationY>
    <CameraRotationZ>-0.003214121</CameraRotationZ>
    <PlayerPositionX>0</PlayerPositionX>
    <PlayerPositionY>12</PlayerPositionY>
    <PlayerPositionZ>0</PlayerPositionZ>
    <GameFps>88</GameFps>
    <DiscomfortLevel>0</DiscomfortLevel>
  </Data>
  <Data TimeStamp="1.008661">
    <UserGenere>masculino</UserGenere>
    <UserAge>18 A 36</UserAge>
    <UserExperience>NENHUMA</UserExperience>
    <UserSymptoms>NENHUM</UserSymptoms>
    <UserFlicker>NENHUM</UserFlicker>
    <UserGlassesUse>SIM</UserGlassesUse>
    <UserVisionProblems>ASTIGMATISMO</UserVisionProblems>
    <UserPosture>SENTADO</UserPosture>
    <UserEyeDominance>DIREITO</UserEyeDominance>
    <StaticFrame>False</StaticFrame>
    <HapticFeedback>False</HapticFeedback>
    <DegreeOfControl>total</DegreeOfControl>
    <DofSimulation>False</DofSimulation>
    <Locomotion>False</Locomotion>
    <CameraAutoMovement>True</CameraAutoMovement>
    <RegionOfInterest>background</RegionOfInterest>
    <TimeStamp>1.008661</TimeStamp>
    <CameraFieldOfView>111.7553</CameraFieldOfView>
    <PlayerSpeed>10</PlayerSpeed>
    <PlayerAcceleration>0</PlayerAcceleration>
    <CameraRotationX>-0.02767339</CameraRotationX>
    <CameraRotationY>0.1942179</CameraRotationY>
    <CameraRotationZ>0.00057773</CameraRotationZ>
    <PlayerPositionX>0</PlayerPositionX>
    <PlayerPositionY>12</PlayerPositionY>
    <PlayerPositionZ>10.08661</PlayerPositionZ>
    <GameFps>92</GameFps>
    <DiscomfortLevel>0</DiscomfortLevel>
  </Data>
  <Data TimeStamp="2.002721">
    <UserGenere>masculino</UserGenere>
    <UserAge>18 A 36</UserAge>
    <UserExperience>NENHUMA</UserExperience>
    <UserSymptoms>NENHUM</UserSymptoms>
    <UserFlicker>NENHUM</UserFlicker>
    <UserGlassesUse>SIM</UserGlassesUse>
    <UserVisionProblems>ASTIGMATISMO</UserVisionProblems>
    <UserPosture>SENTADO</UserPosture>
    <UserEyeDominance>DIREITO</UserEyeDominance>
    <StaticFrame>False</StaticFrame>
    <HapticFeedback>False</HapticFeedback>
    <DegreeOfControl>total</DegreeOfControl>
    <DofSimulation>False</DofSimulation>
    <Locomotion>False</Locomotion>
    <CameraAutoMovement>True</CameraAutoMovement>
    <RegionOfInterest>background</RegionOfInterest>
    <TimeStamp>2.002721</TimeStamp>
    <CameraFieldOfView>111.7553</CameraFieldOfView>
    <PlayerSpeed>10</PlayerSpeed>
    <PlayerAcceleration>0</PlayerAcceleration>
    <CameraRotationX>-0.03220863</CameraRotationX>
    <CameraRotationY>0.1982363</CameraRotationY>
    <CameraRotationZ>-0.00173221</CameraRotationZ>
    <PlayerPositionX>0</PlayerPositionX>
    <PlayerPositionY>12</PlayerPositionY>
    <PlayerPositionZ>20.02722</PlayerPositionZ>
    <GameFps>90</GameFps>
    <DiscomfortLevel>0</DiscomfortLevel>
  </Data>
  <Data TimeStamp="3.008869">
    <UserGenere>masculino</UserGenere>
    <UserAge>18 A 36</UserAge>
    <UserExperience>NENHUMA</UserExperience>
    <UserSymptoms>NENHUM</UserSymptoms>
    <UserFlicker>NENHUM</UserFlicker>
    <UserGlassesUse>SIM</UserGlassesUse>
    <UserVisionProblems>ASTIGMATISMO</UserVisionProblems>
    <UserPosture>SENTADO</UserPosture>
    <UserEyeDominance>DIREITO</UserEyeDominance>
    <StaticFrame>False</StaticFrame>
    <HapticFeedback>False</HapticFeedback>
    <DegreeOfControl>total</DegreeOfControl>
    <DofSimulation>False</DofSimulation>
    <Locomotion>False</Locomotion>
    <CameraAutoMovement>True</CameraAutoMovement>
    <RegionOfInterest>foreground</RegionOfInterest>
    <TimeStamp>3.008869</TimeStamp>
    <CameraFieldOfView>111.7553</CameraFieldOfView>
    <PlayerSpeed>10</PlayerSpeed>
    <PlayerAcceleration>0</PlayerAcceleration>
    <CameraRotationX>-0.03765635</CameraRotationX>
    <CameraRotationY>0.19914</CameraRotationY>
    <CameraRotationZ>0.0003558637</CameraRotationZ>
    <PlayerPositionX>0</PlayerPositionX>
    <PlayerPositionY>12</PlayerPositionY>
    <PlayerPositionZ>30.0887</PlayerPositionZ>
    <GameFps>88</GameFps>
    <DiscomfortLevel>0</DiscomfortLevel>
  </Data>
  <Data TimeStamp="4.00239">
    <UserGenere>masculino</UserGenere>
    <UserAge>18 A 36</UserAge>
    <UserExperience>NENHUMA</UserExperience>
    <UserSymptoms>NENHUM</UserSymptoms>
    <UserFlicker>NENHUM</UserFlicker>
    <UserGlassesUse>SIM</UserGlassesUse>
    <UserVisionProblems>ASTIGMATISMO</UserVisionProblems>
    <UserPosture>SENTADO</UserPosture>
    <UserEyeDominance>DIREITO</UserEyeDominance>
    <StaticFrame>False</StaticFrame>
    <HapticFeedback>False</HapticFeedback>
    <DegreeOfControl>total</DegreeOfControl>
    <DofSimulation>False</DofSimulation>
    <Locomotion>False</Locomotion>
    <CameraAutoMovement>True</CameraAutoMovement>
    <RegionOfInterest>background</RegionOfInterest>
    <TimeStamp>4.00239</TimeStamp>
    <CameraFieldOfView>111.7553</CameraFieldOfView>
    <PlayerSpeed>15</PlayerSpeed>
    <PlayerAcceleration>5</PlayerAcceleration>
    <CameraRotationX>-0.04593036</CameraRotationX>
    <CameraRotationY>0.2064322</CameraRotationY>
    <CameraRotationZ>0.0005594351</CameraRotationZ>
    <PlayerPositionX>0</PlayerPositionX>
    <PlayerPositionY>12</PlayerPositionY>
    <PlayerPositionZ>43.98941</PlayerPositionZ>
    <GameFps>86</GameFps>
    <DiscomfortLevel>0</DiscomfortLevel>
  </Data>
  <Data TimeStamp="5.007593">
    <UserGenere>masculino</UserGenere>
    <UserAge>18 A 36</UserAge>
    <UserExperience>NENHUMA</UserExperience>
    <UserSymptoms>NENHUM</UserSymptoms>
    <UserFlicker>NENHUM</UserFlicker>
    <UserGlassesUse>SIM</UserGlassesUse>
    <UserVisionProblems>ASTIGMATISMO</UserVisionProblems>
    <UserPosture>SENTADO</UserPosture>
    <UserEyeDominance>DIREITO</UserEyeDominance>
    <StaticFrame>False</StaticFrame>
    <HapticFeedback>False</HapticFeedback>
    <DegreeOfControl>total</DegreeOfControl>
    <DofSimulation>False</DofSimulation>
    <Locomotion>False</Locomotion>
    <CameraAutoMovement>True</CameraAutoMovement>
    <RegionOfInterest>background</RegionOfInterest>
    <TimeStamp>5.007593</TimeStamp>
    <CameraFieldOfView>111.7553</CameraFieldOfView>
    <PlayerSpeed>15</PlayerSpeed>
    <PlayerAcceleration>0</PlayerAcceleration>
    <CameraRotationX>-0.05455784</CameraRotationX>
    <CameraRotationY>0.2239388</CameraRotationY>
    <CameraRotationZ>0.00029447</CameraRotationZ>
    <PlayerPositionX>0</PlayerPositionX>
    <PlayerPositionY>12</PlayerPositionY>
    <PlayerPositionZ>59.06748</PlayerPositionZ>
    <GameFps>88</GameFps>
    <DiscomfortLevel>0</DiscomfortLevel>
  </Data>
  <Data TimeStamp="6.002728">
    <UserGenere>masculino</UserGenere>
    <UserAge>18 A 36</UserAge>
    <UserExperience>NENHUMA</UserExperience>
    <UserSymptoms>NENHUM</UserSymptoms>
    <UserFlicker>NENHUM</UserFlicker>
    <UserGlassesUse>SIM</UserGlassesUse>
    <UserVisionProblems>ASTIGMATISMO</UserVisionProblems>
    <UserPosture>SENTADO</UserPosture>
    <UserEyeDominance>DIREITO</UserEyeDominance>
    <StaticFrame>False</StaticFrame>
    <HapticFeedback>False</HapticFeedback>
    <DegreeOfControl>total</DegreeOfControl>
    <DofSimulation>False</DofSimulation>
    <Locomotion>False</Locomotion>
    <CameraAutoMovement>True</CameraAutoMovement>
    <RegionOfInterest>background</RegionOfInterest>
    <TimeStamp>6.002728</TimeStamp>
    <CameraFieldOfView>111.7553</CameraFieldOfView>
    <PlayerSpeed>15</PlayerSpeed>
    <PlayerAcceleration>0</PlayerAcceleration>
    <CameraRotationX>-0.05877187</CameraRotationX>
    <CameraRotationY>0.2883273</CameraRotationY>
    <CameraRotationZ>0.01569587</CameraRotationZ>
    <PlayerPositionX>0</PlayerPositionX>
    <PlayerPositionY>12</PlayerPositionY>
    <PlayerPositionZ>73.99448</PlayerPositionZ>
    <GameFps>90</GameFps>
    <DiscomfortLevel>0</DiscomfortLevel>
  </Data>
  <Data TimeStamp="7.007195">
    <UserGenere>masculino</UserGenere>
    <UserAge>18 A 36</UserAge>
    <UserExperience>NENHUMA</UserExperience>
    <UserSymptoms>NENHUM</UserSymptoms>
    <UserFlicker>NENHUM</UserFlicker>
    <UserGlassesUse>SIM</UserGlassesUse>
    <UserVisionProblems>ASTIGMATISMO</UserVisionProblems>
    <UserPosture>SENTADO</UserPosture>
    <UserEyeDominance>DIREITO</UserEyeDominance>
    <StaticFrame>False</StaticFrame>
    <HapticFeedback>False</HapticFeedback>
    <DegreeOfControl>total</DegreeOfControl>
    <DofSimulation>False</DofSimulation>
    <Locomotion>False</Locomotion>
    <CameraAutoMovement>True</CameraAutoMovement>
    <RegionOfInterest>background</RegionOfInterest>
    <TimeStamp>7.007195</TimeStamp>
    <CameraFieldOfView>111.7553</CameraFieldOfView>
    <PlayerSpeed>15</PlayerSpeed>
    <PlayerAcceleration>0</PlayerAcceleration>
    <CameraRotationX>-0.06086138</CameraRotationX>
    <CameraRotationY>0.1708181</CameraRotationY>
    <CameraRotationZ>0.01939493</CameraRotationZ>
    <PlayerPositionX>0</PlayerPositionX>
    <PlayerPositionY>12</PlayerPositionY>
    <PlayerPositionZ>89.0615</PlayerPositionZ>
    <GameFps>88</GameFps>
    <DiscomfortLevel>0</DiscomfortLevel>
  </Data>
  <Data TimeStamp="8.00138">
    <UserGenere>masculino</UserGenere>
    <UserAge>18 A 36</UserAge>
    <UserExperience>NENHUMA</UserExperience>
    <UserSymptoms>NENHUM</UserSymptoms>
    <UserFlicker>NENHUM</UserFlicker>
    <UserGlassesUse>SIM</UserGlassesUse>
    <UserVisionProblems>ASTIGMATISMO</UserVisionProblems>
    <UserPosture>SENTADO</UserPosture>
    <UserEyeDominance>DIREITO</UserEyeDominance>
    <StaticFrame>False</StaticFrame>
    <HapticFeedback>False</HapticFeedback>
    <DegreeOfControl>total</DegreeOfControl>
    <DofSimulation>False</DofSimulation>
    <Locomotion>False</Locomotion>
    <CameraAutoMovement>True</CameraAutoMovement>
    <RegionOfInterest>background</RegionOfInterest>
    <TimeStamp>8.00138</TimeStamp>
    <CameraFieldOfView>111.7553</CameraFieldOfView>
    <PlayerSpeed>15</PlayerSpeed>
    <PlayerAcceleration>0</PlayerAcceleration>
    <CameraRotationX>-0.06589802</CameraRotationX>
    <CameraRotationY>0.1756148</CameraRotationY>
    <CameraRotationZ>0.013094</CameraRotationZ>
    <PlayerPositionX>0</PlayerPositionX>
    <PlayerPositionY>11.79459</PlayerPositionY>
    <PlayerPositionZ>103.9743</PlayerPositionZ>
    <GameFps>88</GameFps>
    <DiscomfortLevel>0</DiscomfortLevel>
  </Data>
  <Data TimeStamp="9.006776">
    <UserGenere>masculino</UserGenere>
    <UserAge>18 A 36</UserAge>
    <UserExperience>NENHUMA</UserExperience>
    <UserSymptoms>NENHUM</UserSymptoms>
    <UserFlicker>NENHUM</UserFlicker>
    <UserGlassesUse>SIM</UserGlassesUse>
    <UserVisionProblems>ASTIGMATISMO</UserVisionProblems>
    <UserPosture>SENTADO</UserPosture>
    <UserEyeDominance>DIREITO</UserEyeDominance>
    <StaticFrame>False</StaticFrame>
    <HapticFeedback>False</HapticFeedback>
    <DegreeOfControl>total</DegreeOfControl>
    <DofSimulation>False</DofSimulation>
    <Locomotion>False</Locomotion>
    <CameraAutoMovement>True</CameraAutoMovement>
    <RegionOfInterest>background</RegionOfInterest>
    <TimeStamp>9.006776</TimeStamp>
    <CameraFieldOfView>111.7553</CameraFieldOfView>
    <PlayerSpeed>15</PlayerSpeed>
    <PlayerAcceleration>0</PlayerAcceleration>
    <CameraRotationX>-0.07898645</CameraRotationX>
    <CameraRotationY>0.1860788</CameraRotationY>
    <CameraRotationZ>0.0172615</CameraRotationZ>
    <PlayerPositionX>0</PlayerPositionX>
    <PlayerPositionY>9.89936</PlayerPositionY>
    <PlayerPositionZ>119.0552</PlayerPositionZ>
    <GameFps>88</GameFps>
    <DiscomfortLevel>0</DiscomfortLevel>
  </Data>
  <Data TimeStamp="10.00242">
    <UserGenere>masculino</UserGenere>
    <UserAge>18 A 36</UserAge>
    <UserExperience>NENHUMA</UserExperience>
    <UserSymptoms>NENHUM</UserSymptoms>
    <UserFlicker>NENHUM</UserFlicker>
    <UserGlassesUse>SIM</UserGlassesUse>
    <UserVisionProblems>ASTIGMATISMO</UserVisionProblems>
    <UserPosture>SENTADO</UserPosture>
    <UserEyeDominance>DIREITO</UserEyeDominance>
    <StaticFrame>False</StaticFrame>
    <HapticFeedback>False</HapticFeedback>
    <DegreeOfControl>total</DegreeOfControl>
    <DofSimulation>False</DofSimulation>
    <Locomotion>False</Locomotion>
    <CameraAutoMovement>True</CameraAutoMovement>
    <RegionOfInterest>background</RegionOfInterest>
    <TimeStamp>10.00242</TimeStamp>
    <CameraFieldOfView>111.7553</CameraFieldOfView>
    <PlayerSpeed>15</PlayerSpeed>
    <PlayerAcceleration>0</PlayerAcceleration>
    <CameraRotationX>-0.0723099</CameraRotationX>
    <CameraRotationY>0.2102274</CameraRotationY>
    <CameraRotationZ>0.009848005</CameraRotationZ>
    <PlayerPositionX>0</PlayerPositionX>
    <PlayerPositionY>10.44216</PlayerPositionY>
    <PlayerPositionZ>133.9899</PlayerPositionZ>
    <GameFps>90</GameFps>
    <DiscomfortLevel>0</DiscomfortLevel>
  </Data>
  <Data TimeStamp="11.00579">
    <UserGenere>masculino</UserGenere>
    <UserAge>18 A 36</UserAge>
    <UserExperience>NENHUMA</UserExperience>
    <UserSymptoms>NENHUM</UserSymptoms>
    <UserFlicker>NENHUM</UserFlicker>
    <UserGlassesUse>SIM</UserGlassesUse>
    <UserVisionProblems>ASTIGMATISMO</UserVisionProblems>
    <UserPosture>SENTADO</UserPosture>
    <UserEyeDominance>DIREITO</UserEyeDominance>
    <StaticFrame>False</StaticFrame>
    <HapticFeedback>False</HapticFeedback>
    <DegreeOfControl>total</DegreeOfControl>
    <DofSimulation>False</DofSimulation>
    <Locomotion>False</Locomotion>
    <CameraAutoMovement>True</CameraAutoMovement>
    <RegionOfInterest>background</RegionOfInterest>
    <TimeStamp>11.00579</TimeStamp>
    <CameraFieldOfView>111.7553</CameraFieldOfView>
    <PlayerSpeed>15</PlayerSpeed>
    <PlayerAcceleration>0</PlayerAcceleration>
    <CameraRotationX>-0.05914694</CameraRotationX>
    <CameraRotationY>0.1996222</CameraRotationY>
    <CameraRotationZ>0.009735725</CameraRotationZ>
    <PlayerPositionX>2.276379</PlayerPositionX>
    <PlayerPositionY>10.46821</PlayerPositionY>
    <PlayerPositionZ>149.0406</PlayerPositionZ>
    <GameFps>88</GameFps>
    <DiscomfortLevel>0</DiscomfortLevel>
  </Data>
  <Data TimeStamp="12.00219">
    <UserGenere>masculino</UserGenere>
    <UserAge>18 A 36</UserAge>
    <UserExperience>NENHUMA</UserExperience>
    <UserSymptoms>NENHUM</UserSymptoms>
    <UserFlicker>NENHUM</UserFlicker>
    <UserGlassesUse>SIM</UserGlassesUse>
    <UserVisionProblems>ASTIGMATISMO</UserVisionProblems>
    <UserPosture>SENTADO</UserPosture>
    <UserEyeDominance>DIREITO</UserEyeDominance>
    <StaticFrame>False</StaticFrame>
    <HapticFeedback>False</HapticFeedback>
    <DegreeOfControl>total</DegreeOfControl>
    <DofSimulation>False</DofSimulation>
    <Locomotion>False</Locomotion>
    <CameraAutoMovement>True</CameraAutoMovement>
    <RegionOfInterest>background</RegionOfInterest>
    <TimeStamp>12.00219</TimeStamp>
    <CameraFieldOfView>111.7553</CameraFieldOfView>
    <PlayerSpeed>15</PlayerSpeed>
    <PlayerAcceleration>0</PlayerAcceleration>
    <CameraRotationX>-0.04831155</CameraRotationX>
    <CameraRotationY>0.1582999</CameraRotationY>
    <CameraRotationZ>0.009574741</CameraRotationZ>
    <PlayerPositionX>2.851737</PlayerPositionX>
    <PlayerPositionY>10.46943</PlayerPositionY>
    <PlayerPositionZ>163.9864</PlayerPositionZ>
    <GameFps>90</GameFps>
    <DiscomfortLevel>0</DiscomfortLevel>
  </Data>
  <Data TimeStamp="13.00505">
    <UserGenere>masculino</UserGenere>
    <UserAge>18 A 36</UserAge>
    <UserExperience>NENHUMA</UserExperience>
    <UserSymptoms>NENHUM</UserSymptoms>
    <UserFlicker>NENHUM</UserFlicker>
    <UserGlassesUse>SIM</UserGlassesUse>
    <UserVisionProblems>ASTIGMATISMO</UserVisionProblems>
    <UserPosture>SENTADO</UserPosture>
    <UserEyeDominance>DIREITO</UserEyeDominance>
    <StaticFrame>False</StaticFrame>
    <HapticFeedback>False</HapticFeedback>
    <DegreeOfControl>total</DegreeOfControl>
    <DofSimulation>False</DofSimulation>
    <Locomotion>False</Locomotion>
    <CameraAutoMovement>True</CameraAutoMovement>
    <RegionOfInterest>background</RegionOfInterest>
    <TimeStamp>13.00505</TimeStamp>
    <CameraFieldOfView>111.7553</CameraFieldOfView>
    <PlayerSpeed>15</PlayerSpeed>
    <PlayerAcceleration>0</PlayerAcceleration>
    <CameraRotationX>-0.04346984</CameraRotationX>
    <CameraRotationY>0.1667107</CameraRotationY>
    <CameraRotationZ>0.008540254</CameraRotationZ>
    <PlayerPositionX>3.553989</PlayerPositionX>
    <PlayerPositionY>10.46948</PlayerPositionY>
    <PlayerPositionZ>179.0295</PlayerPositionZ>
    <GameFps>90</GameFps>
    <DiscomfortLevel>0</DiscomfortLevel>
  </Data>
  <Data TimeStamp="14.01213">
    <UserGenere>masculino</UserGenere>
    <UserAge>18 A 36</UserAge>
    <UserExperience>NENHUMA</UserExperience>
    <UserSymptoms>NENHUM</UserSymptoms>
    <UserFlicker>NENHUM</UserFlicker>
    <UserGlassesUse>SIM</UserGlassesUse>
    <UserVisionProblems>ASTIGMATISMO</UserVisionProblems>
    <UserPosture>SENTADO</UserPosture>
    <UserEyeDominance>DIREITO</UserEyeDominance>
    <StaticFrame>False</StaticFrame>
    <HapticFeedback>False</HapticFeedback>
    <DegreeOfControl>total</DegreeOfControl>
    <DofSimulation>False</DofSimulation>
    <Locomotion>False</Locomotion>
    <CameraAutoMovement>True</CameraAutoMovement>
    <RegionOfInterest>background</RegionOfInterest>
    <TimeStamp>14.01213</TimeStamp>
    <CameraFieldOfView>111.7553</CameraFieldOfView>
    <PlayerSpeed>15</PlayerSpeed>
    <PlayerAcceleration>0</PlayerAcceleration>
    <CameraRotationX>-0.03536975</CameraRotationX>
    <CameraRotationY>0.1741358</CameraRotationY>
    <CameraRotationZ>0.006445248</CameraRotationZ>
    <PlayerPositionX>3.630409</PlayerPositionX>
    <PlayerPositionY>10.46948</PlayerPositionY>
    <PlayerPositionZ>194.1355</PlayerPositionZ>
    <GameFps>90</GameFps>
    <DiscomfortLevel>0</DiscomfortLevel>
  </Data>
  <Data TimeStamp="15.00486">
    <UserGenere>masculino</UserGenere>
    <UserAge>18 A 36</UserAge>
    <UserExperience>NENHUMA</UserExperience>
    <UserSymptoms>NENHUM</UserSymptoms>
    <UserFlicker>NENHUM</UserFlicker>
    <UserGlassesUse>SIM</UserGlassesUse>
    <UserVisionProblems>ASTIGMATISMO</UserVisionProblems>
    <UserPosture>SENTADO</UserPosture>
    <UserEyeDominance>DIREITO</UserEyeDominance>
    <StaticFrame>False</StaticFrame>
    <HapticFeedback>False</HapticFeedback>
    <DegreeOfControl>total</DegreeOfControl>
    <DofSimulation>False</DofSimulation>
    <Locomotion>False</Locomotion>
    <CameraAutoMovement>True</CameraAutoMovement>
    <RegionOfInterest>background</RegionOfInterest>
    <TimeStamp>15.00486</TimeStamp>
    <CameraFieldOfView>111.7553</CameraFieldOfView>
    <PlayerSpeed>15</PlayerSpeed>
    <PlayerAcceleration>0</PlayerAcceleration>
    <CameraRotationX>-0.03578966</CameraRotationX>
    <CameraRotationY>0.1713475</CameraRotationY>
    <CameraRotationZ>0.005070316</CameraRotationZ>
    <PlayerPositionX>3.633939</PlayerPositionX>
    <PlayerPositionY>10.46948</PlayerPositionY>
    <PlayerPositionZ>209.0265</PlayerPositionZ>
    <GameFps>90</GameFps>
    <DiscomfortLevel>0</DiscomfortLevel>
  </Data>
  <Data TimeStamp="16.00989">
    <UserGenere>masculino</UserGenere>
    <UserAge>18 A 36</UserAge>
    <UserExperience>NENHUMA</UserExperience>
    <UserSymptoms>NENHUM</UserSymptoms>
    <UserFlicker>NENHUM</UserFlicker>
    <UserGlassesUse>SIM</UserGlassesUse>
    <UserVisionProblems>ASTIGMATISMO</UserVisionProblems>
    <UserPosture>SENTADO</UserPosture>
    <UserEyeDominance>DIREITO</UserEyeDominance>
    <StaticFrame>False</StaticFrame>
    <HapticFeedback>False</HapticFeedback>
    <DegreeOfControl>total</DegreeOfControl>
    <DofSimulation>False</DofSimulation>
    <Locomotion>False</Locomotion>
    <CameraAutoMovement>True</CameraAutoMovement>
    <RegionOfInterest>background</RegionOfInterest>
    <TimeStamp>16.00989</TimeStamp>
    <CameraFieldOfView>111.7553</CameraFieldOfView>
    <PlayerSpeed>15</PlayerSpeed>
    <PlayerAcceleration>0</PlayerAcceleration>
    <CameraRotationX>-0.03477464</CameraRotationX>
    <CameraRotationY>0.1755449</CameraRotationY>
    <CameraRotationZ>0.004753417</CameraRotationZ>
    <PlayerPositionX>3.63411</PlayerPositionX>
    <PlayerPositionY>10.46948</PlayerPositionY>
    <PlayerPositionZ>224.1019</PlayerPositionZ>
    <GameFps>90</GameFps>
    <DiscomfortLevel>0</DiscomfortLevel>
  </Data>
  <Data TimeStamp="17.0052">
    <UserGenere>masculino</UserGenere>
    <UserAge>18 A 36</UserAge>
    <UserExperience>NENHUMA</UserExperience>
    <UserSymptoms>NENHUM</UserSymptoms>
    <UserFlicker>NENHUM</UserFlicker>
    <UserGlassesUse>SIM</UserGlassesUse>
    <UserVisionProblems>ASTIGMATISMO</UserVisionProblems>
    <UserPosture>SENTADO</UserPosture>
    <UserEyeDominance>DIREITO</UserEyeDominance>
    <StaticFrame>False</StaticFrame>
    <HapticFeedback>False</HapticFeedback>
    <DegreeOfControl>total</DegreeOfControl>
    <DofSimulation>False</DofSimulation>
    <Locomotion>False</Locomotion>
    <CameraAutoMovement>True</CameraAutoMovement>
    <RegionOfInterest>background</RegionOfInterest>
    <TimeStamp>17.0052</TimeStamp>
    <CameraFieldOfView>111.7553</CameraFieldOfView>
    <PlayerSpeed>15</PlayerSpeed>
    <PlayerAcceleration>0</PlayerAcceleration>
    <CameraRotationX>-0.04449132</CameraRotationX>
    <CameraRotationY>0.1768016</CameraRotationY>
    <CameraRotationZ>0.006293431</CameraRotationZ>
    <PlayerPositionX>3.634116</PlayerPositionX>
    <PlayerPositionY>6.459506</PlayerPositionY>
    <PlayerPositionZ>239.0316</PlayerPositionZ>
    <GameFps>90</GameFps>
    <DiscomfortLevel>0</DiscomfortLevel>
  </Data>
  <Data TimeStamp="18.01026">
    <UserGenere>masculino</UserGenere>
    <UserAge>18 A 36</UserAge>
    <UserExperience>NENHUMA</UserExperience>
    <UserSymptoms>NENHUM</UserSymptoms>
    <UserFlicker>NENHUM</UserFlicker>
    <UserGlassesUse>SIM</UserGlassesUse>
    <UserVisionProblems>ASTIGMATISMO</UserVisionProblems>
    <UserPosture>SENTADO</UserPosture>
    <UserEyeDominance>DIREITO</UserEyeDominance>
    <StaticFrame>False</StaticFrame>
    <HapticFeedback>False</HapticFeedback>
    <DegreeOfControl>total</DegreeOfControl>
    <DofSimulation>False</DofSimulation>
    <Locomotion>False</Locomotion>
    <CameraAutoMovement>True</CameraAutoMovement>
    <RegionOfInterest>background</RegionOfInterest>
    <TimeStamp>18.01026</TimeStamp>
    <CameraFieldOfView>111.7553</CameraFieldOfView>
    <PlayerSpeed>15</PlayerSpeed>
    <PlayerAcceleration>0</PlayerAcceleration>
    <CameraRotationX>-0.05097217</CameraRotationX>
    <CameraRotationY>0.1831687</CameraRotationY>
    <CameraRotationZ>0.004313169</CameraRotationZ>
    <PlayerPositionX>3.634116</PlayerPositionX>
    <PlayerPositionY>6.943629</PlayerPositionY>
    <PlayerPositionZ>254.1075</PlayerPositionZ>
    <GameFps>90</GameFps>
    <DiscomfortLevel>0</DiscomfortLevel>
  </Data>
  <Data TimeStamp="19.00413">
    <UserGenere>masculino</UserGenere>
    <UserAge>18 A 36</UserAge>
    <UserExperience>NENHUMA</UserExperience>
    <UserSymptoms>NENHUM</UserSymptoms>
    <UserFlicker>NENHUM</UserFlicker>
    <UserGlassesUse>SIM</UserGlassesUse>
    <UserVisionProblems>ASTIGMATISMO</UserVisionProblems>
    <UserPosture>SENTADO</UserPosture>
    <UserEyeDominance>DIREITO</UserEyeDominance>
    <StaticFrame>False</StaticFrame>
    <HapticFeedback>False</HapticFeedback>
    <DegreeOfControl>total</DegreeOfControl>
    <DofSimulation>False</DofSimulation>
    <Locomotion>False</Locomotion>
    <CameraAutoMovement>True</CameraAutoMovement>
    <RegionOfInterest>foreground</RegionOfInterest>
    <TimeStamp>19.00413</TimeStamp>
    <CameraFieldOfView>111.7553</CameraFieldOfView>
    <PlayerSpeed>15</PlayerSpeed>
    <PlayerAcceleration>0</PlayerAcceleration>
    <CameraRotationX>-0.05459312</CameraRotationX>
    <CameraRotationY>0.2399665</CameraRotationY>
    <CameraRotationZ>-0.002741779</CameraRotationZ>
    <PlayerPositionX>3.634116</PlayerPositionX>
    <PlayerPositionY>6.966134</PlayerPositionY>
    <PlayerPositionZ>269.0154</PlayerPositionZ>
    <GameFps>90</GameFps>
    <DiscomfortLevel>0</DiscomfortLevel>
  </Data>
  <Data TimeStamp="20.01035">
    <UserGenere>masculino</UserGenere>
    <UserAge>18 A 36</UserAge>
    <UserExperience>NENHUMA</UserExperience>
    <UserSymptoms>NENHUM</UserSymptoms>
    <UserFlicker>NENHUM</UserFlicker>
    <UserGlassesUse>SIM</UserGlassesUse>
    <UserVisionProblems>ASTIGMATISMO</UserVisionProblems>
    <UserPosture>SENTADO</UserPosture>
    <UserEyeDominance>DIREITO</UserEyeDominance>
    <StaticFrame>False</StaticFrame>
    <HapticFeedback>False</HapticFeedback>
    <DegreeOfControl>total</DegreeOfControl>
    <DofSimulation>False</DofSimulation>
    <Locomotion>False</Locomotion>
    <CameraAutoMovement>True</CameraAutoMovement>
    <RegionOfInterest>background</RegionOfInterest>
    <TimeStamp>20.01035</TimeStamp>
    <CameraFieldOfView>111.7553</CameraFieldOfView>
    <PlayerSpeed>15</PlayerSpeed>
    <PlayerAcceleration>0</PlayerAcceleration>
    <CameraRotationX>-0.0484258</CameraRotationX>
    <CameraRotationY>0.2217444</CameraRotationY>
    <CameraRotationZ>0.003222922</CameraRotationZ>
    <PlayerPositionX>3.634116</PlayerPositionX>
    <PlayerPositionY>6.967221</PlayerPositionY>
    <PlayerPositionZ>284.1085</PlayerPositionZ>
    <GameFps>90</GameFps>
    <DiscomfortLevel>0</DiscomfortLevel>
  </Data>
  <Data TimeStamp="21.00403">
    <UserGenere>masculino</UserGenere>
    <UserAge>18 A 36</UserAge>
    <UserExperience>NENHUMA</UserExperience>
    <UserSymptoms>NENHUM</UserSymptoms>
    <UserFlicker>NENHUM</UserFlicker>
    <UserGlassesUse>SIM</UserGlassesUse>
    <UserVisionProblems>ASTIGMATISMO</UserVisionProblems>
    <UserPosture>SENTADO</UserPosture>
    <UserEyeDominance>DIREITO</UserEyeDominance>
    <StaticFrame>False</StaticFrame>
    <HapticFeedback>False</HapticFeedback>
    <DegreeOfControl>total</DegreeOfControl>
    <DofSimulation>False</DofSimulation>
    <Locomotion>False</Locomotion>
    <CameraAutoMovement>True</CameraAutoMovement>
    <RegionOfInterest>background</RegionOfInterest>
    <TimeStamp>21.00403</TimeStamp>
    <CameraFieldOfView>111.7553</CameraFieldOfView>
    <PlayerSpeed>15</PlayerSpeed>
    <PlayerAcceleration>0</PlayerAcceleration>
    <CameraRotationX>-0.04834205</CameraRotationX>
    <CameraRotationY>0.2243683</CameraRotationY>
    <CameraRotationZ>0.008351456</CameraRotationZ>
    <PlayerPositionX>3.634116</PlayerPositionX>
    <PlayerPositionY>6.967269</PlayerPositionY>
    <PlayerPositionZ>299.0137</PlayerPositionZ>
    <GameFps>90</GameFps>
    <DiscomfortLevel>0</DiscomfortLevel>
  </Data>
  <Data TimeStamp="22.0082">
    <UserGenere>masculino</UserGenere>
    <UserAge>18 A 36</UserAge>
    <UserExperience>NENHUMA</UserExperience>
    <UserSymptoms>NENHUM</UserSymptoms>
    <UserFlicker>NENHUM</UserFlicker>
    <UserGlassesUse>SIM</UserGlassesUse>
    <UserVisionProblems>ASTIGMATISMO</UserVisionProblems>
    <UserPosture>SENTADO</UserPosture>
    <UserEyeDominance>DIREITO</UserEyeDominance>
    <StaticFrame>False</StaticFrame>
    <HapticFeedback>False</HapticFeedback>
    <DegreeOfControl>total</DegreeOfControl>
    <DofSimulation>False</DofSimulation>
    <Locomotion>False</Locomotion>
    <CameraAutoMovement>True</CameraAutoMovement>
    <RegionOfInterest>background</RegionOfInterest>
    <TimeStamp>22.0082</TimeStamp>
    <CameraFieldOfView>111.7553</CameraFieldOfView>
    <PlayerSpeed>15</PlayerSpeed>
    <PlayerAcceleration>0</PlayerAcceleration>
    <CameraRotationX>-0.04373481</CameraRotationX>
    <CameraRotationY>0.2191787</CameraRotationY>
    <CameraRotationZ>0.00497983</CameraRotationZ>
    <PlayerPositionX>3.634116</PlayerPositionX>
    <PlayerPositionY>6.967269</PlayerPositionY>
    <PlayerPositionZ>314.0761</PlayerPositionZ>
    <GameFps>90</GameFps>
    <DiscomfortLevel>0</DiscomfortLevel>
  </Data>
  <Data TimeStamp="23.00246">
    <UserGenere>masculino</UserGenere>
    <UserAge>18 A 36</UserAge>
    <UserExperience>NENHUMA</UserExperience>
    <UserSymptoms>NENHUM</UserSymptoms>
    <UserFlicker>NENHUM</UserFlicker>
    <UserGlassesUse>SIM</UserGlassesUse>
    <UserVisionProblems>ASTIGMATISMO</UserVisionProblems>
    <UserPosture>SENTADO</UserPosture>
    <UserEyeDominance>DIREITO</UserEyeDominance>
    <StaticFrame>False</StaticFrame>
    <HapticFeedback>False</HapticFeedback>
    <DegreeOfControl>total</DegreeOfControl>
    <DofSimulation>False</DofSimulation>
    <Locomotion>False</Locomotion>
    <CameraAutoMovement>True</CameraAutoMovement>
    <RegionOfInterest>background</RegionOfInterest>
    <TimeStamp>23.00246</TimeStamp>
    <CameraFieldOfView>111.7553</CameraFieldOfView>
    <PlayerSpeed>15</PlayerSpeed>
    <PlayerAcceleration>0</PlayerAcceleration>
    <CameraRotationX>-0.04548043</CameraRotationX>
    <CameraRotationY>0.2256454</CameraRotationY>
    <CameraRotationZ>0.00158897</CameraRotationZ>
    <PlayerPositionX>3.634116</PlayerPositionX>
    <PlayerPositionY>6.967269</PlayerPositionY>
    <PlayerPositionZ>328.9903</PlayerPositionZ>
    <GameFps>90</GameFps>
    <DiscomfortLevel>0</DiscomfortLevel>
  </Data>
  <Data TimeStamp="24.00895">
    <UserGenere>masculino</UserGenere>
    <UserAge>18 A 36</UserAge>
    <UserExperience>NENHUMA</UserExperience>
    <UserSymptoms>NENHUM</UserSymptoms>
    <UserFlicker>NENHUM</UserFlicker>
    <UserGlassesUse>SIM</UserGlassesUse>
    <UserVisionProblems>ASTIGMATISMO</UserVisionProblems>
    <UserPosture>SENTADO</UserPosture>
    <UserEyeDominance>DIREITO</UserEyeDominance>
    <StaticFrame>False</StaticFrame>
    <HapticFeedback>False</HapticFeedback>
    <DegreeOfControl>total</DegreeOfControl>
    <DofSimulation>False</DofSimulation>
    <Locomotion>False</Locomotion>
    <CameraAutoMovement>True</CameraAutoMovement>
    <RegionOfInterest>background</RegionOfInterest>
    <TimeStamp>24.00895</TimeStamp>
    <CameraFieldOfView>111.7553</CameraFieldOfView>
    <PlayerSpeed>15</PlayerSpeed>
    <PlayerAcceleration>0</PlayerAcceleration>
    <CameraRotationX>-0.0491486</CameraRotationX>
    <CameraRotationY>0.2267385</CameraRotationY>
    <CameraRotationZ>0.0005858282</CameraRotationZ>
    <PlayerPositionX>3.634116</PlayerPositionX>
    <PlayerPositionY>6.967269</PlayerPositionY>
    <PlayerPositionZ>344.0878</PlayerPositionZ>
    <GameFps>88</GameFps>
    <DiscomfortLevel>0</DiscomfortLevel>
  </Data>
  <Data TimeStamp="25.00289">
    <UserGenere>masculino</UserGenere>
    <UserAge>18 A 36</UserAge>
    <UserExperience>NENHUMA</UserExperience>
    <UserSymptoms>NENHUM</UserSymptoms>
    <UserFlicker>NENHUM</UserFlicker>
    <UserGlassesUse>SIM</UserGlassesUse>
    <UserVisionProblems>ASTIGMATISMO</UserVisionProblems>
    <UserPosture>SENTADO</UserPosture>
    <UserEyeDominance>DIREITO</UserEyeDominance>
    <StaticFrame>False</StaticFrame>
    <HapticFeedback>False</HapticFeedback>
    <DegreeOfControl>total</DegreeOfControl>
    <DofSimulation>False</DofSimulation>
    <Locomotion>False</Locomotion>
    <CameraAutoMovement>True</CameraAutoMovement>
    <RegionOfInterest>background</RegionOfInterest>
    <TimeStamp>25.00289</TimeStamp>
    <CameraFieldOfView>111.7553</CameraFieldOfView>
    <PlayerSpeed>20</PlayerSpeed>
    <PlayerAcceleration>5</PlayerAcceleration>
    <CameraRotationX>-0.0593906</CameraRotationX>
    <CameraRotationY>0.2277052</CameraRotationY>
    <CameraRotationZ>0.007786085</CameraRotationZ>
    <PlayerPositionX>3.634116</PlayerPositionX>
    <PlayerPositionY>6.967269</PlayerPositionY>
    <PlayerPositionZ>361.2914</PlayerPositionZ>
    <GameFps>90</GameFps>
    <DiscomfortLevel>0</DiscomfortLevel>
  </Data>
  <Data TimeStamp="26.00946">
    <UserGenere>masculino</UserGenere>
    <UserAge>18 A 36</UserAge>
    <UserExperience>NENHUMA</UserExperience>
    <UserSymptoms>NENHUM</UserSymptoms>
    <UserFlicker>NENHUM</UserFlicker>
    <UserGlassesUse>SIM</UserGlassesUse>
    <UserVisionProblems>ASTIGMATISMO</UserVisionProblems>
    <UserPosture>SENTADO</UserPosture>
    <UserEyeDominance>DIREITO</UserEyeDominance>
    <StaticFrame>False</StaticFrame>
    <HapticFeedback>False</HapticFeedback>
    <DegreeOfControl>total</DegreeOfControl>
    <DofSimulation>False</DofSimulation>
    <Locomotion>False</Locomotion>
    <CameraAutoMovement>True</CameraAutoMovement>
    <RegionOfInterest>background</RegionOfInterest>
    <TimeStamp>26.00946</TimeStamp>
    <CameraFieldOfView>111.7553</CameraFieldOfView>
    <PlayerSpeed>20</PlayerSpeed>
    <PlayerAcceleration>0</PlayerAcceleration>
    <CameraRotationX>-0.05181467</CameraRotationX>
    <CameraRotationY>0.2303586</CameraRotationY>
    <CameraRotationZ>0.00065835</CameraRotationZ>
    <PlayerPositionX>6.016085</PlayerPositionX>
    <PlayerPositionY>6.967269</PlayerPositionY>
    <PlayerPositionZ>381.4229</PlayerPositionZ>
    <GameFps>88</GameFps>
    <DiscomfortLevel>0</DiscomfortLevel>
  </Data>
  <Data TimeStamp="27.00454">
    <UserGenere>masculino</UserGenere>
    <UserAge>18 A 36</UserAge>
    <UserExperience>NENHUMA</UserExperience>
    <UserSymptoms>NENHUM</UserSymptoms>
    <UserFlicker>NENHUM</UserFlicker>
    <UserGlassesUse>SIM</UserGlassesUse>
    <UserVisionProblems>ASTIGMATISMO</UserVisionProblems>
    <UserPosture>SENTADO</UserPosture>
    <UserEyeDominance>DIREITO</UserEyeDominance>
    <StaticFrame>False</StaticFrame>
    <HapticFeedback>False</HapticFeedback>
    <DegreeOfControl>total</DegreeOfControl>
    <DofSimulation>False</DofSimulation>
    <Locomotion>False</Locomotion>
    <CameraAutoMovement>True</CameraAutoMovement>
    <RegionOfInterest>background</RegionOfInterest>
    <TimeStamp>27.00454</TimeStamp>
    <CameraFieldOfView>111.7553</CameraFieldOfView>
    <PlayerSpeed>20</PlayerSpeed>
    <PlayerAcceleration>0</PlayerAcceleration>
    <CameraRotationX>-0.0464947</CameraRotationX>
    <CameraRotationY>0.2349693</CameraRotationY>
    <CameraRotationZ>-0.003604784</CameraRotationZ>
    <PlayerPositionX>5.512591</PlayerPositionX>
    <PlayerPositionY>6.967269</PlayerPositionY>
    <PlayerPositionZ>401.3242</PlayerPositionZ>
    <GameFps>90</GameFps>
    <DiscomfortLevel>0</DiscomfortLevel>
  </Data>
  <Data TimeStamp="28.00746">
    <UserGenere>masculino</UserGenere>
    <UserAge>18 A 36</UserAge>
    <UserExperience>NENHUMA</UserExperience>
    <UserSymptoms>NENHUM</UserSymptoms>
    <UserFlicker>NENHUM</UserFlicker>
    <UserGlassesUse>SIM</UserGlassesUse>
    <UserVisionProblems>ASTIGMATISMO</UserVisionProblems>
    <UserPosture>SENTADO</UserPosture>
    <UserEyeDominance>DIREITO</UserEyeDominance>
    <StaticFrame>False</StaticFrame>
    <HapticFeedback>False</HapticFeedback>
    <DegreeOfControl>total</DegreeOfControl>
    <DofSimulation>False</DofSimulation>
    <Locomotion>False</Locomotion>
    <CameraAutoMovement>True</CameraAutoMovement>
    <RegionOfInterest>middleground</RegionOfInterest>
    <TimeStamp>28.00746</TimeStamp>
    <CameraFieldOfView>111.7553</CameraFieldOfView>
    <PlayerSpeed>20</PlayerSpeed>
    <PlayerAcceleration>0</PlayerAcceleration>
    <CameraRotationX>-0.05022766</CameraRotationX>
    <CameraRotationY>0.2629103</CameraRotationY>
    <CameraRotationZ>-0.00898443</CameraRotationZ>
    <PlayerPositionX>6.745232</PlayerPositionX>
    <PlayerPositionY>6.967269</PlayerPositionY>
    <PlayerPositionZ>421.3824</PlayerPositionZ>
    <GameFps>84</GameFps>
    <DiscomfortLevel>0</DiscomfortLevel>
  </Data>
  <Data TimeStamp="29.00091">
    <UserGenere>masculino</UserGenere>
    <UserAge>18 A 36</UserAge>
    <UserExperience>NENHUMA</UserExperience>
    <UserSymptoms>NENHUM</UserSymptoms>
    <UserFlicker>NENHUM</UserFlicker>
    <UserGlassesUse>SIM</UserGlassesUse>
    <UserVisionProblems>ASTIGMATISMO</UserVisionProblems>
    <UserPosture>SENTADO</UserPosture>
    <UserEyeDominance>DIREITO</UserEyeDominance>
    <StaticFrame>False</StaticFrame>
    <HapticFeedback>False</HapticFeedback>
    <DegreeOfControl>total</DegreeOfControl>
    <DofSimulation>False</DofSimulation>
    <Locomotion>False</Locomotion>
    <CameraAutoMovement>True</CameraAutoMovement>
    <RegionOfInterest>background</RegionOfInterest>
    <TimeStamp>29.00091</TimeStamp>
    <CameraFieldOfView>111.7553</CameraFieldOfView>
    <PlayerSpeed>15</PlayerSpeed>
    <PlayerAcceleration>-5</PlayerAcceleration>
    <CameraRotationX>-0.05036041</CameraRotationX>
    <CameraRotationY>0.2612046</CameraRotationY>
    <CameraRotationZ>-0.007249587</CameraRotationZ>
    <PlayerPositionX>13.46357</PlayerPositionX>
    <PlayerPositionY>7.400242</PlayerPositionY>
    <PlayerPositionZ>440.1891</PlayerPositionZ>
    <GameFps>90</GameFps>
    <DiscomfortLevel>0</DiscomfortLevel>
  </Data>
  <Data TimeStamp="30.00637">
    <UserGenere>masculino</UserGenere>
    <UserAge>18 A 36</UserAge>
    <UserExperience>NENHUMA</UserExperience>
    <UserSymptoms>NENHUM</UserSymptoms>
    <UserFlicker>NENHUM</UserFlicker>
    <UserGlassesUse>SIM</UserGlassesUse>
    <UserVisionProblems>ASTIGMATISMO</UserVisionProblems>
    <UserPosture>SENTADO</UserPosture>
    <UserEyeDominance>DIREITO</UserEyeDominance>
    <StaticFrame>False</StaticFrame>
    <HapticFeedback>False</HapticFeedback>
    <DegreeOfControl>total</DegreeOfControl>
    <DofSimulation>False</DofSimulation>
    <Locomotion>False</Locomotion>
    <CameraAutoMovement>True</CameraAutoMovement>
    <RegionOfInterest>background</RegionOfInterest>
    <TimeStamp>30.00637</TimeStamp>
    <CameraFieldOfView>111.7553</CameraFieldOfView>
    <PlayerSpeed>15</PlayerSpeed>
    <PlayerAcceleration>0</PlayerAcceleration>
    <CameraRotationX>-0.04411992</CameraRotationX>
    <CameraRotationY>0.2516911</CameraRotationY>
    <CameraRotationZ>-0.005845259</CameraRotationZ>
    <PlayerPositionX>14.19125</PlayerPositionX>
    <PlayerPositionY>8.108463</PlayerPositionY>
    <PlayerPositionZ>455.271</PlayerPositionZ>
    <GameFps>88</GameFps>
    <DiscomfortLevel>0</DiscomfortLevel>
  </Data>
  <Data TimeStamp="31.00367">
    <UserGenere>masculino</UserGenere>
    <UserAge>18 A 36</UserAge>
    <UserExperience>NENHUMA</UserExperience>
    <UserSymptoms>NENHUM</UserSymptoms>
    <UserFlicker>NENHUM</UserFlicker>
    <UserGlassesUse>SIM</UserGlassesUse>
    <UserVisionProblems>ASTIGMATISMO</UserVisionProblems>
    <UserPosture>SENTADO</UserPosture>
    <UserEyeDominance>DIREITO</UserEyeDominance>
    <StaticFrame>False</StaticFrame>
    <HapticFeedback>False</HapticFeedback>
    <DegreeOfControl>total</DegreeOfControl>
    <DofSimulation>False</DofSimulation>
    <Locomotion>False</Locomotion>
    <CameraAutoMovement>True</CameraAutoMovement>
    <RegionOfInterest>background</RegionOfInterest>
    <TimeStamp>31.00367</TimeStamp>
    <CameraFieldOfView>111.7553</CameraFieldOfView>
    <PlayerSpeed>15</PlayerSpeed>
    <PlayerAcceleration>0</PlayerAcceleration>
    <CameraRotationX>-0.04526087</CameraRotationX>
    <CameraRotationY>0.2533612</CameraRotationY>
    <CameraRotationZ>-0.007826257</CameraRotationZ>
    <PlayerPositionX>14.22502</PlayerPositionX>
    <PlayerPositionY>8.141329</PlayerPositionY>
    <PlayerPositionZ>470.2308</PlayerPositionZ>
    <GameFps>90</GameFps>
    <DiscomfortLevel>0</DiscomfortLevel>
  </Data>
  <Data TimeStamp="32.00863">
    <UserGenere>masculino</UserGenere>
    <UserAge>18 A 36</UserAge>
    <UserExperience>NENHUMA</UserExperience>
    <UserSymptoms>NENHUM</UserSymptoms>
    <UserFlicker>NENHUM</UserFlicker>
    <UserGlassesUse>SIM</UserGlassesUse>
    <UserVisionProblems>ASTIGMATISMO</UserVisionProblems>
    <UserPosture>SENTADO</UserPosture>
    <UserEyeDominance>DIREITO</UserEyeDominance>
    <StaticFrame>False</StaticFrame>
    <HapticFeedback>False</HapticFeedback>
    <DegreeOfControl>total</DegreeOfControl>
    <DofSimulation>False</DofSimulation>
    <Locomotion>False</Locomotion>
    <CameraAutoMovement>True</CameraAutoMovement>
    <RegionOfInterest>background</RegionOfInterest>
    <TimeStamp>32.00863</TimeStamp>
    <CameraFieldOfView>111.7553</CameraFieldOfView>
    <PlayerSpeed>15</PlayerSpeed>
    <PlayerAcceleration>0</PlayerAcceleration>
    <CameraRotationX>-0.04803891</CameraRotationX>
    <CameraRotationY>0.2554926</CameraRotationY>
    <CameraRotationZ>-0.008933018</CameraRotationZ>
    <PlayerPositionX>14.69536</PlayerPositionX>
    <PlayerPositionY>8.142901</PlayerPositionY>
    <PlayerPositionZ>485.3053</PlayerPositionZ>
    <GameFps>90</GameFps>
    <DiscomfortLevel>0</DiscomfortLevel>
  </Data>
  <Data TimeStamp="33.0014">
    <UserGenere>masculino</UserGenere>
    <UserAge>18 A 36</UserAge>
    <UserExperience>NENHUMA</UserExperience>
    <UserSymptoms>NENHUM</UserSymptoms>
    <UserFlicker>NENHUM</UserFlicker>
    <UserGlassesUse>SIM</UserGlassesUse>
    <UserVisionProblems>ASTIGMATISMO</UserVisionProblems>
    <UserPosture>SENTADO</UserPosture>
    <UserEyeDominance>DIREITO</UserEyeDominance>
    <StaticFrame>False</StaticFrame>
    <HapticFeedback>False</HapticFeedback>
    <DegreeOfControl>total</DegreeOfControl>
    <DofSimulation>False</DofSimulation>
    <Locomotion>False</Locomotion>
    <CameraAutoMovement>True</CameraAutoMovement>
    <RegionOfInterest>background</RegionOfInterest>
    <TimeStamp>33.0014</TimeStamp>
    <CameraFieldOfView>111.7553</CameraFieldOfView>
    <PlayerSpeed>15</PlayerSpeed>
    <PlayerAcceleration>0</PlayerAcceleration>
    <CameraRotationX>-0.05297498</CameraRotationX>
    <CameraRotationY>0.2493252</CameraRotationY>
    <CameraRotationZ>0.004198792</CameraRotationZ>
    <PlayerPositionX>15.9943</PlayerPositionX>
    <PlayerPositionY>10.40562</PlayerPositionY>
    <PlayerPositionZ>500.1967</PlayerPositionZ>
    <GameFps>90</GameFps>
    <DiscomfortLevel>0</DiscomfortLevel>
  </Data>
  <Data TimeStamp="34.00493">
    <UserGenere>masculino</UserGenere>
    <UserAge>18 A 36</UserAge>
    <UserExperience>NENHUMA</UserExperience>
    <UserSymptoms>NENHUM</UserSymptoms>
    <UserFlicker>NENHUM</UserFlicker>
    <UserGlassesUse>SIM</UserGlassesUse>
    <UserVisionProblems>ASTIGMATISMO</UserVisionProblems>
    <UserPosture>SENTADO</UserPosture>
    <UserEyeDominance>DIREITO</UserEyeDominance>
    <StaticFrame>False</StaticFrame>
    <HapticFeedback>False</HapticFeedback>
    <DegreeOfControl>total</DegreeOfControl>
    <DofSimulation>False</DofSimulation>
    <Locomotion>False</Locomotion>
    <CameraAutoMovement>True</CameraAutoMovement>
    <RegionOfInterest>background</RegionOfInterest>
    <TimeStamp>34.00493</TimeStamp>
    <CameraFieldOfView>111.7553</CameraFieldOfView>
    <PlayerSpeed>15</PlayerSpeed>
    <PlayerAcceleration>0</PlayerAcceleration>
    <CameraRotationX>-0.06182434</CameraRotationX>
    <CameraRotationY>0.2733628</CameraRotationY>
    <CameraRotationZ>-0.004294634</CameraRotationZ>
    <PlayerPositionX>16.71119</PlayerPositionX>
    <PlayerPositionY>10.55917</PlayerPositionY>
    <PlayerPositionZ>515.2498</PlayerPositionZ>
    <GameFps>90</GameFps>
    <DiscomfortLevel>0</DiscomfortLevel>
  </Data>
  <Data TimeStamp="35.01046">
    <UserGenere>masculino</UserGenere>
    <UserAge>18 A 36</UserAge>
    <UserExperience>NENHUMA</UserExperience>
    <UserSymptoms>NENHUM</UserSymptoms>
    <UserFlicker>NENHUM</UserFlicker>
    <UserGlassesUse>SIM</UserGlassesUse>
    <UserVisionProblems>ASTIGMATISMO</UserVisionProblems>
    <UserPosture>SENTADO</UserPosture>
    <UserEyeDominance>DIREITO</UserEyeDominance>
    <StaticFrame>False</StaticFrame>
    <HapticFeedback>False</HapticFeedback>
    <DegreeOfControl>total</DegreeOfControl>
    <DofSimulation>False</DofSimulation>
    <Locomotion>False</Locomotion>
    <CameraAutoMovement>True</CameraAutoMovement>
    <RegionOfInterest>background</RegionOfInterest>
    <TimeStamp>35.01046</TimeStamp>
    <CameraFieldOfView>111.7553</CameraFieldOfView>
    <PlayerSpeed>15</PlayerSpeed>
    <PlayerAcceleration>0</PlayerAcceleration>
    <CameraRotationX>-0.06560835</CameraRotationX>
    <CameraRotationY>0.3225253</CameraRotationY>
    <CameraRotationZ>-0.002838343</CameraRotationZ>
    <PlayerPositionX>16.74474</PlayerPositionX>
    <PlayerPositionY>10.56635</PlayerPositionY>
    <PlayerPositionZ>530.3328</PlayerPositionZ>
    <GameFps>90</GameFps>
    <DiscomfortLevel>0</DiscomfortLevel>
  </Data>
  <Data TimeStamp="36.00857">
    <UserGenere>masculino</UserGenere>
    <UserAge>18 A 36</UserAge>
    <UserExperience>NENHUMA</UserExperience>
    <UserSymptoms>NENHUM</UserSymptoms>
    <UserFlicker>NENHUM</UserFlicker>
    <UserGlassesUse>SIM</UserGlassesUse>
    <UserVisionProblems>ASTIGMATISMO</UserVisionProblems>
    <UserPosture>SENTADO</UserPosture>
    <UserEyeDominance>DIREITO</UserEyeDominance>
    <StaticFrame>False</StaticFrame>
    <HapticFeedback>False</HapticFeedback>
    <DegreeOfControl>total</DegreeOfControl>
    <DofSimulation>False</DofSimulation>
    <Locomotion>False</Locomotion>
    <CameraAutoMovement>True</CameraAutoMovement>
    <RegionOfInterest>background</RegionOfInterest>
    <TimeStamp>36.00857</TimeStamp>
    <CameraFieldOfView>111.7553</CameraFieldOfView>
    <PlayerSpeed>15</PlayerSpeed>
    <PlayerAcceleration>0</PlayerAcceleration>
    <CameraRotationX>-0.08342908</CameraRotationX>
    <CameraRotationY>0.4490028</CameraRotationY>
    <CameraRotationZ>0.01536391</CameraRotationZ>
    <PlayerPositionX>16.74631</PlayerPositionX>
    <PlayerPositionY>10.56668</PlayerPositionY>
    <PlayerPositionZ>545.3046</PlayerPositionZ>
    <GameFps>88</GameFps>
    <DiscomfortLevel>0</DiscomfortLevel>
  </Data>
  <Data TimeStamp="37.01118">
    <UserGenere>masculino</UserGenere>
    <UserAge>18 A 36</UserAge>
    <UserExperience>NENHUMA</UserExperience>
    <UserSymptoms>NENHUM</UserSymptoms>
    <UserFlicker>NENHUM</UserFlicker>
    <UserGlassesUse>SIM</UserGlassesUse>
    <UserVisionProblems>ASTIGMATISMO</UserVisionProblems>
    <UserPosture>SENTADO</UserPosture>
    <UserEyeDominance>DIREITO</UserEyeDominance>
    <StaticFrame>False</StaticFrame>
    <HapticFeedback>False</HapticFeedback>
    <DegreeOfControl>total</DegreeOfControl>
    <DofSimulation>False</DofSimulation>
    <Locomotion>False</Locomotion>
    <CameraAutoMovement>True</CameraAutoMovement>
    <RegionOfInterest>background</RegionOfInterest>
    <TimeStamp>37.01118</TimeStamp>
    <CameraFieldOfView>111.7553</CameraFieldOfView>
    <PlayerSpeed>15</PlayerSpeed>
    <PlayerAcceleration>0</PlayerAcceleration>
    <CameraRotationX>-0.07985965</CameraRotationX>
    <CameraRotationY>0.3341523</CameraRotationY>
    <CameraRotationZ>0.004626831</CameraRotationZ>
    <PlayerPositionX>16.74636</PlayerPositionX>
    <PlayerPositionY>10.56669</PlayerPositionY>
    <PlayerPositionZ>560.3441</PlayerPositionZ>
    <GameFps>90</GameFps>
    <DiscomfortLevel>0</DiscomfortLevel>
  </Data>
  <Data TimeStamp="38.00753">
    <UserGenere>masculino</UserGenere>
    <UserAge>18 A 36</UserAge>
    <UserExperience>NENHUMA</UserExperience>
    <UserSymptoms>NENHUM</UserSymptoms>
    <UserFlicker>NENHUM</UserFlicker>
    <UserGlassesUse>SIM</UserGlassesUse>
    <UserVisionProblems>ASTIGMATISMO</UserVisionProblems>
    <UserPosture>SENTADO</UserPosture>
    <UserEyeDominance>DIREITO</UserEyeDominance>
    <StaticFrame>False</StaticFrame>
    <HapticFeedback>False</HapticFeedback>
    <DegreeOfControl>total</DegreeOfControl>
    <DofSimulation>False</DofSimulation>
    <Locomotion>False</Locomotion>
    <CameraAutoMovement>True</CameraAutoMovement>
    <RegionOfInterest>background</RegionOfInterest>
    <TimeStamp>38.00753</TimeStamp>
    <CameraFieldOfView>111.7553</CameraFieldOfView>
    <PlayerSpeed>15</PlayerSpeed>
    <PlayerAcceleration>0</PlayerAcceleration>
    <CameraRotationX>-0.0567797</CameraRotationX>
    <CameraRotationY>0.2589763</CameraRotationY>
    <CameraRotationZ>0.004969465</CameraRotationZ>
    <PlayerPositionX>16.74636</PlayerPositionX>
    <PlayerPositionY>10.56669</PlayerPositionY>
    <PlayerPositionZ>575.2892</PlayerPositionZ>
    <GameFps>90</GameFps>
    <DiscomfortLevel>0</DiscomfortLevel>
  </Data>
  <Data TimeStamp="39.01064">
    <UserGenere>masculino</UserGenere>
    <UserAge>18 A 36</UserAge>
    <UserExperience>NENHUMA</UserExperience>
    <UserSymptoms>NENHUM</UserSymptoms>
    <UserFlicker>NENHUM</UserFlicker>
    <UserGlassesUse>SIM</UserGlassesUse>
    <UserVisionProblems>ASTIGMATISMO</UserVisionProblems>
    <UserPosture>SENTADO</UserPosture>
    <UserEyeDominance>DIREITO</UserEyeDominance>
    <StaticFrame>False</StaticFrame>
    <HapticFeedback>False</HapticFeedback>
    <DegreeOfControl>total</DegreeOfControl>
    <DofSimulation>False</DofSimulation>
    <Locomotion>False</Locomotion>
    <CameraAutoMovement>True</CameraAutoMovement>
    <RegionOfInterest>background</RegionOfInterest>
    <TimeStamp>39.01064</TimeStamp>
    <CameraFieldOfView>111.7553</CameraFieldOfView>
    <PlayerSpeed>15</PlayerSpeed>
    <PlayerAcceleration>0</PlayerAcceleration>
    <CameraRotationX>-0.05466127</CameraRotationX>
    <CameraRotationY>0.2651835</CameraRotationY>
    <CameraRotationZ>-0.003375016</CameraRotationZ>
    <PlayerPositionX>16.74636</PlayerPositionX>
    <PlayerPositionY>10.56669</PlayerPositionY>
    <PlayerPositionZ>590.3358</PlayerPositionZ>
    <GameFps>90</GameFps>
    <DiscomfortLevel>0</DiscomfortLevel>
  </Data>
  <Data TimeStamp="40.00348">
    <UserGenere>masculino</UserGenere>
    <UserAge>18 A 36</UserAge>
    <UserExperience>NENHUMA</UserExperience>
    <UserSymptoms>NENHUM</UserSymptoms>
    <UserFlicker>NENHUM</UserFlicker>
    <UserGlassesUse>SIM</UserGlassesUse>
    <UserVisionProblems>ASTIGMATISMO</UserVisionProblems>
    <UserPosture>SENTADO</UserPosture>
    <UserEyeDominance>DIREITO</UserEyeDominance>
    <StaticFrame>False</StaticFrame>
    <HapticFeedback>False</HapticFeedback>
    <DegreeOfControl>total</DegreeOfControl>
    <DofSimulation>False</DofSimulation>
    <Locomotion>False</Locomotion>
    <CameraAutoMovement>True</CameraAutoMovement>
    <RegionOfInterest>background</RegionOfInterest>
    <TimeStamp>40.00348</TimeStamp>
    <CameraFieldOfView>111.7553</CameraFieldOfView>
    <PlayerSpeed>15</PlayerSpeed>
    <PlayerAcceleration>0</PlayerAcceleration>
    <CameraRotationX>-0.1220482</CameraRotationX>
    <CameraRotationY>0.3197953</CameraRotationY>
    <CameraRotationZ>0.02374921</CameraRotationZ>
    <PlayerPositionX>16.74636</PlayerPositionX>
    <PlayerPositionY>10.56669</PlayerPositionY>
    <PlayerPositionZ>605.2287</PlayerPositionZ>
    <GameFps>90</GameFps>
    <DiscomfortLevel>0</DiscomfortLevel>
  </Data>
  <Data TimeStamp="41.01133">
    <UserGenere>masculino</UserGenere>
    <UserAge>18 A 36</UserAge>
    <UserExperience>NENHUMA</UserExperience>
    <UserSymptoms>NENHUM</UserSymptoms>
    <UserFlicker>NENHUM</UserFlicker>
    <UserGlassesUse>SIM</UserGlassesUse>
    <UserVisionProblems>ASTIGMATISMO</UserVisionProblems>
    <UserPosture>SENTADO</UserPosture>
    <UserEyeDominance>DIREITO</UserEyeDominance>
    <StaticFrame>False</StaticFrame>
    <HapticFeedback>False</HapticFeedback>
    <DegreeOfControl>total</DegreeOfControl>
    <DofSimulation>False</DofSimulation>
    <Locomotion>False</Locomotion>
    <CameraAutoMovement>True</CameraAutoMovement>
    <RegionOfInterest>background</RegionOfInterest>
    <TimeStamp>41.01133</TimeStamp>
    <CameraFieldOfView>111.7553</CameraFieldOfView>
    <PlayerSpeed>15</PlayerSpeed>
    <PlayerAcceleration>0</PlayerAcceleration>
    <CameraRotationX>-0.1777489</CameraRotationX>
    <CameraRotationY>0.4369077</CameraRotationY>
    <CameraRotationZ>0.03363363</CameraRotationZ>
    <PlayerPositionX>16.74636</PlayerPositionX>
    <PlayerPositionY>10.56669</PlayerPositionY>
    <PlayerPositionZ>620.3467</PlayerPositionZ>
    <GameFps>90</GameFps>
    <DiscomfortLevel>0</DiscomfortLevel>
  </Data>
  <Data TimeStamp="42.00616">
    <UserGenere>masculino</UserGenere>
    <UserAge>18 A 36</UserAge>
    <UserExperience>NENHUMA</UserExperience>
    <UserSymptoms>NENHUM</UserSymptoms>
    <UserFlicker>NENHUM</UserFlicker>
    <UserGlassesUse>SIM</UserGlassesUse>
    <UserVisionProblems>ASTIGMATISMO</UserVisionProblems>
    <UserPosture>SENTADO</UserPosture>
    <UserEyeDominance>DIREITO</UserEyeDominance>
    <StaticFrame>False</StaticFrame>
    <HapticFeedback>False</HapticFeedback>
    <DegreeOfControl>total</DegreeOfControl>
    <DofSimulation>False</DofSimulation>
    <Locomotion>False</Locomotion>
    <CameraAutoMovement>True</CameraAutoMovement>
    <RegionOfInterest>background</RegionOfInterest>
    <TimeStamp>42.00616</TimeStamp>
    <CameraFieldOfView>111.7553</CameraFieldOfView>
    <PlayerSpeed>15</PlayerSpeed>
    <PlayerAcceleration>0</PlayerAcceleration>
    <CameraRotationX>-0.1652651</CameraRotationX>
    <CameraRotationY>0.4035617</CameraRotationY>
    <CameraRotationZ>0.02280186</CameraRotationZ>
    <PlayerPositionX>16.74636</PlayerPositionX>
    <PlayerPositionY>10.56669</PlayerPositionY>
    <PlayerPositionZ>635.0994</PlayerPositionZ>
    <GameFps>90</GameFps>
    <DiscomfortLevel>0</DiscomfortLevel>
  </Data>
  <Data TimeStamp="43.01037">
    <UserGenere>masculino</UserGenere>
    <UserAge>18 A 36</UserAge>
    <UserExperience>NENHUMA</UserExperience>
    <UserSymptoms>NENHUM</UserSymptoms>
    <UserFlicker>NENHUM</UserFlicker>
    <UserGlassesUse>SIM</UserGlassesUse>
    <UserVisionProblems>ASTIGMATISMO</UserVisionProblems>
    <UserPosture>SENTADO</UserPosture>
    <UserEyeDominance>DIREITO</UserEyeDominance>
    <StaticFrame>False</StaticFrame>
    <HapticFeedback>False</HapticFeedback>
    <DegreeOfControl>total</DegreeOfControl>
    <DofSimulation>False</DofSimulation>
    <Locomotion>False</Locomotion>
    <CameraAutoMovement>True</CameraAutoMovement>
    <RegionOfInterest>background</RegionOfInterest>
    <TimeStamp>43.01037</TimeStamp>
    <CameraFieldOfView>111.7553</CameraFieldOfView>
    <PlayerSpeed>15</PlayerSpeed>
    <PlayerAcceleration>0</PlayerAcceleration>
    <CameraRotationX>-0.1988976</CameraRotationX>
    <CameraRotationY>0.3513688</CameraRotationY>
    <CameraRotationZ>0.05494026</CameraRotationZ>
    <PlayerPositionX>11.74186</PlayerPositionX>
    <PlayerPositionY>10.56669</PlayerPositionY>
    <PlayerPositionZ>650.1627</PlayerPositionZ>
    <GameFps>88</GameFps>
    <DiscomfortLevel>0</DiscomfortLevel>
  </Data>
  <Data TimeStamp="44.00665">
    <UserGenere>masculino</UserGenere>
    <UserAge>18 A 36</UserAge>
    <UserExperience>NENHUMA</UserExperience>
    <UserSymptoms>NENHUM</UserSymptoms>
    <UserFlicker>NENHUM</UserFlicker>
    <UserGlassesUse>SIM</UserGlassesUse>
    <UserVisionProblems>ASTIGMATISMO</UserVisionProblems>
    <UserPosture>SENTADO</UserPosture>
    <UserEyeDominance>DIREITO</UserEyeDominance>
    <StaticFrame>False</StaticFrame>
    <HapticFeedback>False</HapticFeedback>
    <DegreeOfControl>total</DegreeOfControl>
    <DofSimulation>False</DofSimulation>
    <Locomotion>False</Locomotion>
    <CameraAutoMovement>True</CameraAutoMovement>
    <RegionOfInterest>background</RegionOfInterest>
    <TimeStamp>44.00665</TimeStamp>
    <CameraFieldOfView>111.7553</CameraFieldOfView>
    <PlayerSpeed>15</PlayerSpeed>
    <PlayerAcceleration>0</PlayerAcceleration>
    <CameraRotationX>-0.1762994</CameraRotationX>
    <CameraRotationY>0.3581356</CameraRotationY>
    <CameraRotationZ>0.03043441</CameraRotationZ>
    <PlayerPositionX>10.77</PlayerPositionX>
    <PlayerPositionY>10.56669</PlayerPositionY>
    <PlayerPositionZ>665.1069</PlayerPositionZ>
    <GameFps>88</GameFps>
    <DiscomfortLevel>0</DiscomfortLevel>
  </Data>
  <Data TimeStamp="45.0107">
    <UserGenere>masculino</UserGenere>
    <UserAge>18 A 36</UserAge>
    <UserExperience>NENHUMA</UserExperience>
    <UserSymptoms>NENHUM</UserSymptoms>
    <UserFlicker>NENHUM</UserFlicker>
    <UserGlassesUse>SIM</UserGlassesUse>
    <UserVisionProblems>ASTIGMATISMO</UserVisionProblems>
    <UserPosture>SENTADO</UserPosture>
    <UserEyeDominance>DIREITO</UserEyeDominance>
    <StaticFrame>False</StaticFrame>
    <HapticFeedback>False</HapticFeedback>
    <DegreeOfControl>total</DegreeOfControl>
    <DofSimulation>False</DofSimulation>
    <Locomotion>False</Locomotion>
    <CameraAutoMovement>True</CameraAutoMovement>
    <RegionOfInterest>background</RegionOfInterest>
    <TimeStamp>45.0107</TimeStamp>
    <CameraFieldOfView>111.7553</CameraFieldOfView>
    <PlayerSpeed>15</PlayerSpeed>
    <PlayerAcceleration>0</PlayerAcceleration>
    <CameraRotationX>-0.1694808</CameraRotationX>
    <CameraRotationY>0.3620949</CameraRotationY>
    <CameraRotationZ>0.0245582</CameraRotationZ>
    <PlayerPositionX>10.72388</PlayerPositionX>
    <PlayerPositionY>10.56669</PlayerPositionY>
    <PlayerPositionZ>680.168</PlayerPositionZ>
    <GameFps>88</GameFps>
    <DiscomfortLevel>0</DiscomfortLevel>
  </Data>
  <Data TimeStamp="46.00231">
    <UserGenere>masculino</UserGenere>
    <UserAge>18 A 36</UserAge>
    <UserExperience>NENHUMA</UserExperience>
    <UserSymptoms>NENHUM</UserSymptoms>
    <UserFlicker>NENHUM</UserFlicker>
    <UserGlassesUse>SIM</UserGlassesUse>
    <UserVisionProblems>ASTIGMATISMO</UserVisionProblems>
    <UserPosture>SENTADO</UserPosture>
    <UserEyeDominance>DIREITO</UserEyeDominance>
    <StaticFrame>False</StaticFrame>
    <HapticFeedback>False</HapticFeedback>
    <DegreeOfControl>total</DegreeOfControl>
    <DofSimulation>False</DofSimulation>
    <Locomotion>False</Locomotion>
    <CameraAutoMovement>True</CameraAutoMovement>
    <RegionOfInterest>background</RegionOfInterest>
    <TimeStamp>46.00231</TimeStamp>
    <CameraFieldOfView>111.7553</CameraFieldOfView>
    <PlayerSpeed>15</PlayerSpeed>
    <PlayerAcceleration>0</PlayerAcceleration>
    <CameraRotationX>-0.02280922</CameraRotationX>
    <CameraRotationY>0.3206315</CameraRotationY>
    <CameraRotationZ>-0.03168115</CameraRotationZ>
    <PlayerPositionX>10.72173</PlayerPositionX>
    <PlayerPositionY>10.56669</PlayerPositionY>
    <PlayerPositionZ>695.0422</PlayerPositionZ>
    <GameFps>84</GameFps>
    <DiscomfortLevel>0</DiscomfortLevel>
  </Data>
  <Data TimeStamp="47.01059">
    <UserGenere>masculino</UserGenere>
    <UserAge>18 A 36</UserAge>
    <UserExperience>NENHUMA</UserExperience>
    <UserSymptoms>NENHUM</UserSymptoms>
    <UserFlicker>NENHUM</UserFlicker>
    <UserGlassesUse>SIM</UserGlassesUse>
    <UserVisionProblems>ASTIGMATISMO</UserVisionProblems>
    <UserPosture>SENTADO</UserPosture>
    <UserEyeDominance>DIREITO</UserEyeDominance>
    <StaticFrame>False</StaticFrame>
    <HapticFeedback>False</HapticFeedback>
    <DegreeOfControl>total</DegreeOfControl>
    <DofSimulation>False</DofSimulation>
    <Locomotion>False</Locomotion>
    <CameraAutoMovement>True</CameraAutoMovement>
    <RegionOfInterest>background</RegionOfInterest>
    <TimeStamp>47.01059</TimeStamp>
    <CameraFieldOfView>111.7553</CameraFieldOfView>
    <PlayerSpeed>15</PlayerSpeed>
    <PlayerAcceleration>0</PlayerAcceleration>
    <CameraRotationX>-0.06900263</CameraRotationX>
    <CameraRotationY>0.2965816</CameraRotationY>
    <CameraRotationZ>0.003070109</CameraRotationZ>
    <PlayerPositionX>10.72163</PlayerPositionX>
    <PlayerPositionY>10.56669</PlayerPositionY>
    <PlayerPositionZ>710.1663</PlayerPositionZ>
    <GameFps>74</GameFps>
    <DiscomfortLevel>0</DiscomfortLevel>
  </Data>
  <Data TimeStamp="48.00177">
    <UserGenere>masculino</UserGenere>
    <UserAge>18 A 36</UserAge>
    <UserExperience>NENHUMA</UserExperience>
    <UserSymptoms>NENHUM</UserSymptoms>
    <UserFlicker>NENHUM</UserFlicker>
    <UserGlassesUse>SIM</UserGlassesUse>
    <UserVisionProblems>ASTIGMATISMO</UserVisionProblems>
    <UserPosture>SENTADO</UserPosture>
    <UserEyeDominance>DIREITO</UserEyeDominance>
    <StaticFrame>False</StaticFrame>
    <HapticFeedback>False</HapticFeedback>
    <DegreeOfControl>total</DegreeOfControl>
    <DofSimulation>False</DofSimulation>
    <Locomotion>False</Locomotion>
    <CameraAutoMovement>True</CameraAutoMovement>
    <RegionOfInterest>background</RegionOfInterest>
    <TimeStamp>48.00177</TimeStamp>
    <CameraFieldOfView>111.7553</CameraFieldOfView>
    <PlayerSpeed>15</PlayerSpeed>
    <PlayerAcceleration>0</PlayerAcceleration>
    <CameraRotationX>-0.1930653</CameraRotationX>
    <CameraRotationY>0.4567569</CameraRotationY>
    <CameraRotationZ>0.08639855</CameraRotationZ>
    <PlayerPositionX>10.72163</PlayerPositionX>
    <PlayerPositionY>10.56669</PlayerPositionY>
    <PlayerPositionZ>725.0337</PlayerPositionZ>
    <GameFps>70</GameFps>
    <DiscomfortLevel>0</DiscomfortLevel>
  </Data>
  <Data TimeStamp="48.99564">
    <UserGenere>masculino</UserGenere>
    <UserAge>18 A 36</UserAge>
    <UserExperience>NENHUMA</UserExperience>
    <UserSymptoms>NENHUM</UserSymptoms>
    <UserFlicker>NENHUM</UserFlicker>
    <UserGlassesUse>SIM</UserGlassesUse>
    <UserVisionProblems>ASTIGMATISMO</UserVisionProblems>
    <UserPosture>SENTADO</UserPosture>
    <UserEyeDominance>DIREITO</UserEyeDominance>
    <StaticFrame>False</StaticFrame>
    <HapticFeedback>False</HapticFeedback>
    <DegreeOfControl>total</DegreeOfControl>
    <DofSimulation>False</DofSimulation>
    <Locomotion>False</Locomotion>
    <CameraAutoMovement>True</CameraAutoMovement>
    <RegionOfInterest>background</RegionOfInterest>
    <TimeStamp>48.99564</TimeStamp>
    <CameraFieldOfView>111.7553</CameraFieldOfView>
    <PlayerSpeed>15</PlayerSpeed>
    <PlayerAcceleration>0</PlayerAcceleration>
    <CameraRotationX>-0.04354686</CameraRotationX>
    <CameraRotationY>0.5078172</CameraRotationY>
    <CameraRotationZ>-0.005849798</CameraRotationZ>
    <PlayerPositionX>10.72163</PlayerPositionX>
    <PlayerPositionY>10.56669</PlayerPositionY>
    <PlayerPositionZ>739.942</PlayerPositionZ>
    <GameFps>80</GameFps>
    <DiscomfortLevel>0</DiscomfortLevel>
  </Data>
  <Data TimeStamp="50.01097">
    <UserGenere>masculino</UserGenere>
    <UserAge>18 A 36</UserAge>
    <UserExperience>NENHUMA</UserExperience>
    <UserSymptoms>NENHUM</UserSymptoms>
    <UserFlicker>NENHUM</UserFlicker>
    <UserGlassesUse>SIM</UserGlassesUse>
    <UserVisionProblems>ASTIGMATISMO</UserVisionProblems>
    <UserPosture>SENTADO</UserPosture>
    <UserEyeDominance>DIREITO</UserEyeDominance>
    <StaticFrame>False</StaticFrame>
    <HapticFeedback>False</HapticFeedback>
    <DegreeOfControl>total</DegreeOfControl>
    <DofSimulation>False</DofSimulation>
    <Locomotion>False</Locomotion>
    <CameraAutoMovement>True</CameraAutoMovement>
    <RegionOfInterest>background</RegionOfInterest>
    <TimeStamp>50.01097</TimeStamp>
    <CameraFieldOfView>111.7553</CameraFieldOfView>
    <PlayerSpeed>15</PlayerSpeed>
    <PlayerAcceleration>0</PlayerAcceleration>
    <CameraRotationX>-0.07513897</CameraRotationX>
    <CameraRotationY>0.5171679</CameraRotationY>
    <CameraRotationZ>0.01102557</CameraRotationZ>
    <PlayerPositionX>10.72163</PlayerPositionX>
    <PlayerPositionY>10.56669</PlayerPositionY>
    <PlayerPositionZ>755.1719</PlayerPositionZ>
    <GameFps>88</GameFps>
    <DiscomfortLevel>0</DiscomfortLevel>
  </Data>
  <Data TimeStamp="51.01345">
    <UserGenere>masculino</UserGenere>
    <UserAge>18 A 36</UserAge>
    <UserExperience>NENHUMA</UserExperience>
    <UserSymptoms>NENHUM</UserSymptoms>
    <UserFlicker>NENHUM</UserFlicker>
    <UserGlassesUse>SIM</UserGlassesUse>
    <UserVisionProblems>ASTIGMATISMO</UserVisionProblems>
    <UserPosture>SENTADO</UserPosture>
    <UserEyeDominance>DIREITO</UserEyeDominance>
    <StaticFrame>False</StaticFrame>
    <HapticFeedback>False</HapticFeedback>
    <DegreeOfControl>total</DegreeOfControl>
    <DofSimulation>False</DofSimulation>
    <Locomotion>False</Locomotion>
    <CameraAutoMovement>True</CameraAutoMovement>
    <RegionOfInterest>background</RegionOfInterest>
    <TimeStamp>51.01345</TimeStamp>
    <CameraFieldOfView>111.7553</CameraFieldOfView>
    <PlayerSpeed>15</PlayerSpeed>
    <PlayerAcceleration>0</PlayerAcceleration>
    <CameraRotationX>-0.1150123</CameraRotationX>
    <CameraRotationY>0.4991677</CameraRotationY>
    <CameraRotationZ>0.03767798</CameraRotationZ>
    <PlayerPositionX>10.72163</PlayerPositionX>
    <PlayerPositionY>10.56669</PlayerPositionY>
    <PlayerPositionZ>770.2091</PlayerPositionZ>
    <GameFps>90</GameFps>
    <DiscomfortLevel>0</DiscomfortLevel>
  </Data>
  <Data TimeStamp="52.01149">
    <UserGenere>masculino</UserGenere>
    <UserAge>18 A 36</UserAge>
    <UserExperience>NENHUMA</UserExperience>
    <UserSymptoms>NENHUM</UserSymptoms>
    <UserFlicker>NENHUM</UserFlicker>
    <UserGlassesUse>SIM</UserGlassesUse>
    <UserVisionProblems>ASTIGMATISMO</UserVisionProblems>
    <UserPosture>SENTADO</UserPosture>
    <UserEyeDominance>DIREITO</UserEyeDominance>
    <StaticFrame>False</StaticFrame>
    <HapticFeedback>False</HapticFeedback>
    <DegreeOfControl>total</DegreeOfControl>
    <DofSimulation>False</DofSimulation>
    <Locomotion>False</Locomotion>
    <CameraAutoMovement>True</CameraAutoMovement>
    <RegionOfInterest>background</RegionOfInterest>
    <TimeStamp>52.01149</TimeStamp>
    <CameraFieldOfView>111.7553</CameraFieldOfView>
    <PlayerSpeed>15</PlayerSpeed>
    <PlayerAcceleration>0</PlayerAcceleration>
    <CameraRotationX>-0.005965668</CameraRotationX>
    <CameraRotationY>0.439427</CameraRotationY>
    <CameraRotationZ>-0.02695785</CameraRotationZ>
    <PlayerPositionX>10.72163</PlayerPositionX>
    <PlayerPositionY>10.56669</PlayerPositionY>
    <PlayerPositionZ>785.1794</PlayerPositionZ>
    <GameFps>88</GameFps>
    <DiscomfortLevel>0</DiscomfortLevel>
  </Data>
</USERDATA>